outlet_id,total_images,n_flagged,flagged_images,ranking,folder_median_consensus,review_folder
outlet_003a29a9,8,1,"[{""file_name"": ""image_0001.jpg"", ""suspicion_score"": 0.6258, ""reason"": ""Median similarity to peers 0.24 vs folder median 0.54 (modified z = -5.1; absolute floor 0.27). Scene reads as 'closed shutter' while 4/7 peers read as 'storefront'. Signage text 'চার্জ হাজারে | কাশ | v৫০ হাজার পর্যন্ত' shares 6/11 tokens with outlet signage ('সুবিধা | IRT | ১৪৯৫'). No geometric match to nearest peers (max 15 SIFT inliers).""}]","[""image_0001.jpg"", ""image_0004.jpg"", ""image_0008.jpg"", ""image_0002.jpg"", ""image_0007.jpg"", ""image_0003.jpg"", ""image_0006.jpg"", ""image_0005.jpg""]",0.543,0
outlet_004449c0,10,0,[],"[""image_0003.jpg"", ""image_0004.jpg"", ""image_0002.jpg"", ""image_0005.jpg"", ""image_0009.jpg"", ""image_0001.jpg"", ""image_0010.jpg"", ""image_0008.jpg"", ""image_0006.jpg"", ""image_0007.jpg""]",0.691,0
outlet_01e0d230,17,0,[],"[""image_0009.jpg"", ""image_0010.jpg"", ""image_0005.jpg"", ""image_0017.jpg"", ""image_0007.jpg"", ""image_0002.jpg"", ""image_0008.jpg"", ""image_0004.jpg"", ""image_0001.jpg"", ""image_0015.jpg"", ""image_0013.jpg"", ""image_0012.jpg"", ""image_0016.jpg"", ""image_0006.jpg"", ""image_0003.jpg"", ""image_0011.jpg"", ""image_0014.jpg""]",0.697,0
outlet_0280ccb5,32,3,"[{""file_name"": ""image_0011.jpg"", ""suspicion_score"": 0.3, ""reason"": ""Identical copy of image_0010.jpg (content hash match); duplicate submission adds no new evidence of a visit.""}, {""file_name"": ""image_0030.jpg"", ""suspicion_score"": 0.3, ""reason"": ""Identical copy of image_0029.jpg (content hash match); duplicate submission adds no new evidence of a visit.""}, {""file_name"": ""image_0032.jpg"", ""suspicion_score"": 0.3, ""reason"": ""Identical copy of image_0031.jpg (content hash match); duplicate submission adds no new evidence of a visit.""}]","[""image_0011.jpg"", ""image_0030.jpg"", ""image_0032.jpg"", ""image_0015.jpg"", ""image_0009.jpg"", ""image_0010.jpg"", ""image_0008.jpg"", ""image_0006.jpg"", ""image_0012.jpg"", ""image_0027.jpg"", ""image_0031.jpg"", ""image_0023.jpg"", ""image_0026.jpg"", ""image_0025.jpg"", ""image_0007.jpg"", ""image_0013.jpg"", ""image_0029.jpg"", ""image_0004.jpg"", ""image_0028.jpg"", ""image_0003.jpg"", ""image_0017.jpg"", ""image_0005.jpg"", ""image_0018.jpg"", ""image_0014.jpg"", ""image_0021.jpg"", ""image_0020.jpg"", ""image_0024.jpg"", ""image_0019.jpg"", ""image_0001.jpg"", ""image_0022.jpg"", ""image_0016.jpg"", ""image_0002.jpg""]",0.78,0
outlet_04473281,13,2,"[{""file_name"": ""image_0001_1.jpg"", ""suspicion_score"": 0.6968, ""reason"": ""Median similarity to peers 0.38 vs folder median 0.77 (modified z = -10.1; absolute floor 0.27). Scene reads as 'restaurant' while 6/12 peers read as 'closed shutter'. Signage text '018_' shares 0/1 tokens with outlet signage ('৭১৬ | সকল | ১৬৯৩১৯'). No geometric match to nearest peers (max 8 SIFT inliers).""}, {""file_name"": ""image_0002_1.jpg"", ""suspicion_score"": 0.6829, ""reason"": ""Median similarity to peers 0.40 vs folder median 0.77 (modified z = -9.6; absolute floor 0.27). Scene reads as 'shop interior' while 6/12 peers read as 'closed shutter'. No readable signage text, while peers show '৭১৬ | সকল | ১৬৯৩১৯'. No geometric match to nearest peers (max 6 SIFT inliers).""}]","[""image_0001_1.jpg"", ""image_0002_1.jpg"", ""image_0007.jpg"", ""image_0008.jpg"", ""image_0009.jpg"", ""image_0003.jpg"", ""image_0010.jpg"", ""image_0011.jpg"", ""image_0004.jpg"", ""image_0005.jpg"", ""image_0006.jpg"", ""image_0002.jpg"", ""image_0001.jpg""]",0.77,0
outlet_045f93b1,17,2,"[{""file_name"": ""image_0002_1.jpg"", ""suspicion_score"": 0.7755, ""reason"": ""Median similarity to peers 0.28 vs folder median 0.81 (modified z = -12.5; absolute floor 0.27). Scene reads as 'closed shutter' while 9/16 peers read as 'storefront'. Signage text 'ষ্োর | ভ্যারাইতিজ  | :01987-778715|' shares 0/4 tokens with outlet signage ('১৪৯০ | রবি | রবি'). No geometric match to nearest peers (max 7 SIFT inliers).""}, {""file_name"": ""image_0001_1.jpg"", ""suspicion_score"": 0.4502, ""reason"": ""Median similarity to peers 0.52 vs folder median 0.81 (modified z = -6.8; absolute floor 0.27). Same scene type as peers ('storefront') but not the same place. No readable signage text, while peers show '১৪৯০ | রবি | রবি'. No geometric match to nearest peers (max 6 SIFT inliers).""}]","[""image_0002_1.jpg"", ""image_0001_1.jpg"", ""image_0003.jpg"", ""image_0002.jpg"", ""image_0001.jpg"", ""image_0007.jpg"", ""image_0014.jpg"", ""image_0004.jpg"", ""image_0011.jpg"", ""image_0006.jpg"", ""image_0015.jpg"", ""image_0005.jpg"", ""image_0008.jpg"", ""image_0010.jpg"", ""image_0012.jpg"", ""image_0009.jpg"", ""image_0013.jpg""]",0.808,0
outlet_055c59bd,9,0,[],"[""image_0003.jpg"", ""image_0001.jpg"", ""image_0002.jpg"", ""image_0009.jpg"", ""image_0007.jpg"", ""image_0008.jpg"", ""image_0004.jpg"", ""image_0006.jpg"", ""image_0005.jpg""]",0.738,0
outlet_083cd34a,9,1,"[{""file_name"": ""image_0009.jpg"", ""suspicion_score"": 0.6948, ""reason"": ""Median similarity to peers 0.20 vs folder median 0.35 (modified z = -2.5; absolute floor 0.27). Same scene type as peers ('closed shutter') but not the same place. No geometric match to nearest peers (max 4 SIFT inliers). 2 other images in this folder resemble it (median similarity 0.74) but none of them matches the rest of the folder either: a coherent group that is foreign as a whole.""}]","[""image_0009.jpg"", ""image_0002.jpg"", ""image_0008.jpg"", ""image_0001.jpg"", ""image_0006.jpg"", ""image_0003.jpg"", ""image_0004.jpg"", ""image_0007.jpg"", ""image_0005.jpg""]",0.354,1
outlet_08e8ac70,15,0,[],"[""image_0003.jpg"", ""image_0002.jpg"", ""image_0001.jpg"", ""image_0013.jpg"", ""image_0012.jpg"", ""image_0011.jpg"", ""image_0015.jpg"", ""image_0010.jpg"", ""image_0007.jpg"", ""image_0008.jpg"", ""image_0005.jpg"", ""image_0014.jpg"", ""image_0009.jpg"", ""image_0006.jpg"", ""image_0004.jpg""]",0.771,0
outlet_0a2befe6,13,0,[],"[""image_0003.jpg"", ""image_0009.jpg"", ""image_0007.jpg"", ""image_0001.jpg"", ""image_0005.jpg"", ""image_0010.jpg"", ""image_0008.jpg"", ""image_0013.jpg"", ""image_0011.jpg"", ""image_0002.jpg"", ""image_0012.jpg"", ""image_0006.jpg"", ""image_0004.jpg""]",0.67,0
outlet_0af952cd,12,0,[],"[""image_0009.jpg"", ""image_0011.jpg"", ""image_0012.jpg"", ""image_0005.jpg"", ""image_0002.jpg"", ""image_0007.jpg"", ""image_0010.jpg"", ""image_0001.jpg"", ""image_0008.jpg"", ""image_0006.jpg"", ""image_0004.jpg"", ""image_0003.jpg""]",0.787,0
outlet_0c0e85b4,11,1,"[{""file_name"": ""image_0001.jpg"", ""suspicion_score"": 0.7904, ""reason"": ""Median similarity to peers 0.15 vs folder median 0.74 (modified z = -13.4; absolute floor 0.27). Same scene type as peers ('closed shutter') but not the same place. No readable signage text, while peers show '১৪৯০ | সিম | ইন্টারনেট'. No geometric match to nearest peers (max 0 SIFT inliers).""}]","[""image_0001.jpg"", ""image_0008.jpg"", ""image_0007.jpg"", ""image_0003.jpg"", ""image_0006.jpg"", ""image_0009.jpg"", ""image_0010.jpg"", ""image_0002.jpg"", ""image_0004.jpg"", ""image_0011.jpg"", ""image_0005.jpg""]",0.739,0
outlet_108e6eab,21,2,"[{""file_name"": ""image_0019.jpg"", ""suspicion_score"": 0.5841, ""reason"": ""Median similarity to peers 0.26 vs folder median 0.80 (modified z = -11.4; absolute floor 0.27). Scene reads as 'closed shutter' while 19/20 peers read as 'storefront'. Signage text 'পটুয়াখালী পল্লী ফিস | নগদ | আট' shares 3/6 tokens with outlet signage ('^715-6 | মোঃ | মোঃ'). No geometric match to nearest peers (max 18 SIFT inliers).""}, {""file_name"": ""image_0016.jpg"", ""suspicion_score"": 0.4291, ""reason"": ""Median similarity to peers 0.31 vs folder median 0.80 (modified z = -10.3; absolute floor 0.27). Scene reads as 'closed shutter' while 19/20 peers read as 'storefront'. Signage text 'চাজ | ফ্রি | পটুয়াখালী পল্লী ফিস' shares 3/12 tokens with outlet signage ('^715-6 | মোঃ | মোঃ'). No geometric match to nearest peers (max 23 SIFT inliers).""}]","[""image_0019.jpg"", ""image_0016.jpg"", ""image_0018.jpg"", ""image_0011.jpg"", ""image_0021.jpg"", ""image_0020.jpg"", ""image_0005.jpg"", ""image_0012.jpg"", ""image_0009.jpg"", ""image_0008.jpg"", ""image_0002.jpg"", ""image_0013.jpg"", ""image_0004.jpg"", ""image_0001.jpg"", ""image_0003.jpg"", ""image_0010.jpg"", ""image_0015.jpg"", ""image_0014.jpg"", ""image_0007.jpg"", ""image_0017.jpg"", ""image_0006.jpg""]",0.796,0
outlet_10c7ca00,17,1,"[{""file_name"": ""image_0013.jpg"", ""suspicion_score"": 0.5001, ""reason"": ""Median similarity to peers 0.44 vs folder median 0.72 (modified z = -6.0; absolute floor 0.27). Scene reads as 'street scene' while 8/16 peers read as 'closed shutter'. Signage text 'PELOA | @UAD)' shares 0/2 tokens with outlet signage ('40 | OFFER | 40%'). No geometric match to nearest peers (max 10 SIFT inliers).""}]","[""image_0013.jpg"", ""image_0005.jpg"", ""image_0009.jpg"", ""image_0014.jpg"", ""image_0017.jpg"", ""image_0012.jpg"", ""image_0006.jpg"", ""image_0010.jpg"", ""image_0003.jpg"", ""image_0016.jpg"", ""image_0011.jpg"", ""image_0008.jpg"", ""image_0007.jpg"", ""image_0001.jpg"", ""image_0015.jpg"", ""image_0004.jpg"", ""image_0002.jpg""]",0.716,0
outlet_11da187e,5,0,[],"[""image_0002_1.jpg"", ""image_0003.jpg"", ""image_0001_1.jpg"", ""image_0001.jpg"", ""image_0002.jpg""]",0.571,0
outlet_146ab59b,26,3,"[{""file_name"": ""image_0008.jpg"", ""suspicion_score"": 0.3, ""reason"": ""Identical copy of image_0007.jpg (content hash match); duplicate submission adds no new evidence of a visit.""}, {""file_name"": ""image_0009.jpg"", ""suspicion_score"": 0.3, ""reason"": ""Identical copy of image_0007.jpg (content hash match); duplicate submission adds no new evidence of a visit.""}, {""file_name"": ""image_0010.jpg"", ""suspicion_score"": 0.3, ""reason"": ""Identical copy of image_0007.jpg (content hash match); duplicate submission adds no new evidence of a visit.""}]","[""image_0008.jpg"", ""image_0009.jpg"", ""image_0010.jpg"", ""image_0021.jpg"", ""image_0012.jpg"", ""image_0016.jpg"", ""image_0022.jpg"", ""image_0014.jpg"", ""image_0018.jpg"", ""image_0019.jpg"", ""image_0020.jpg"", ""image_0013.jpg"", ""image_0017.jpg"", ""image_0007.jpg"", ""image_0024.jpg"", ""image_0026.jpg"", ""image_0003.jpg"", ""image_0004.jpg"", ""image_0011.jpg"", ""image_0023.jpg"", ""image_0001.jpg"", ""image_0006.jpg"", ""image_0005.jpg"", ""image_0002.jpg"", ""image_0015.jpg"", ""image_0025.jpg""]",0.799,0
outlet_16412021,5,1,"[{""file_name"": ""image_0004.jpg"", ""suspicion_score"": 0.7129, ""reason"": ""Median similarity to peers 0.37 vs folder median 0.64 (modified z = -3.2; absolute floor 0.27). Scene reads as 'shop interior' while 2/4 peers read as 'storefront'. Signage text 'ফার্মে | করস' shares 0/2 tokens with outlet signage ('PRIVE | ফার্মেসী | ফার্মেসী'). No geometric match to nearest peers (max 7 SIFT inliers).""}]","[""image_0004.jpg"", ""image_0005.jpg"", ""image_0003.jpg"", ""image_0002.jpg"", ""image_0001.jpg""]",0.635,0
outlet_176ee853,14,1,"[{""file_name"": ""image_0014.jpg"", ""suspicion_score"": 0.3, ""reason"": ""Identical copy of image_0013.jpg (content hash match); duplicate submission adds no new evidence of a visit.""}]","[""image_0014.jpg"", ""image_0009.jpg"", ""image_0008.jpg"", ""image_0011.jpg"", ""image_0006.jpg"", ""image_0001.jpg"", ""image_0013.jpg"", ""image_0005.jpg"", ""image_0002.jpg"", ""image_0010.jpg"", ""image_0003.jpg"", ""image_0004.jpg"", ""image_0012.jpg"", ""image_0007.jpg""]",0.717,0
outlet_1a444d86,27,4,"[{""file_name"": ""image_0004_1.jpg"", ""suspicion_score"": 0.794, ""reason"": ""Median similarity to peers 0.25 vs folder median 0.77 (modified z = -12.8; absolute floor 0.27). Same scene type as peers ('storefront') but not the same place. Signage text 'PIRIHE | BRITISH | HONOURLBLE' shares 0/3 tokens with outlet signage ('আউট | আউট | আউট'). No geometric match to nearest peers (max 6 SIFT inliers). 2 other images in this folder resemble it (median similarity 0.69) but none of them matches the rest of the folder either: a coherent group that is foreign as a whole.""}, {""file_name"": ""image_0001_1.jpg"", ""suspicion_score"": 0.7195, ""reason"": ""Median similarity to peers 0.31 vs folder median 0.77 (modified z = -11.5; absolute floor 0.27). Same scene type as peers ('storefront') but not the same place. Signage text '; | 3 | TOWER:' shares 0/2 tokens with outlet signage ('আউট | আউট | আউট'). No geometric match to nearest peers (max 6 SIFT inliers). 2 other images in this folder resemble it (median similarity 0.68) but none of them matches the rest of the folder either: a coherent group that is foreign as a whole.""}, {""file_name"": ""image_0003_1.jpg"", ""suspicion_score"": 0.6996, ""reason"": ""Median similarity to peers 0.36 vs folder median 0.77 (modified z = -10.2; absolute floor 0.27). Same scene type as peers ('storefront') but not the same place. Signage text 'ELE' shares 0/1 tokens with outlet signage ('আউট | আউট | আউট'). No geometric match to nearest peers (max 6 SIFT inliers). 2 other images in this folder resemble it (median similarity 0.72) but none of them matches the rest of the folder either: a coherent group that is foreign as a whole.""}, {""file_name"": ""image_0002_1.jpg"", ""suspicion_score"": 0.398, ""reason"": ""Median similarity to peers 0.47 vs folder median 0.77 (modified z = -7.4; absolute floor 0.27). Same scene type as peers ('storefront') but not the same place. Signage text 'ভ | [ফটোকপি | পিণ্ট' shares 0/8 tokens with outlet signage ('আউট | আউট | আউট'). No geometric match to nearest peers (max 11 SIFT inliers).""}]","[""image_0004_1.jpg"", ""image_0001_1.jpg"", ""image_0003_1.jpg"", ""image_0002_1.jpg"", ""image_0020.jpg"", ""image_0001.jpg"", ""image_0018.jpg"", ""image_0003.jpg"", ""image_0016.jpg"", ""image_0019.jpg"", ""image_0007.jpg"", ""image_0004.jpg"", ""image_0023.jpg"", ""image_0017.jpg"", ""image_0002.jpg"", ""image_0006.jpg"", ""image_0008.jpg"", ""image_0015.jpg"", ""image_0011.jpg"", ""image_0009.jpg"", ""image_0014.jpg"", ""image_0021.jpg"", ""image_0022.jpg"", ""image_0012.jpg"", ""image_0010.jpg"", ""image_0005.jpg"", ""image_0013.jpg""]",0.77,0
outlet_1a4910c8,29,2,"[{""file_name"": ""image_0006.jpg"", ""suspicion_score"": 0.3, ""reason"": ""Identical copy of image_0005.jpg (content hash match); duplicate submission adds no new evidence of a visit.""}, {""file_name"": ""image_0029.jpg"", ""suspicion_score"": 0.3, ""reason"": ""Identical copy of image_0028.jpg (content hash match); duplicate submission adds no new evidence of a visit.""}]","[""image_0006.jpg"", ""image_0029.jpg"", ""image_0028.jpg"", ""image_0022.jpg"", ""image_0019.jpg"", ""image_0024.jpg"", ""image_0012.jpg"", ""image_0011.jpg"", ""image_0013.jpg"", ""image_0003.jpg"", ""image_0020.jpg"", ""image_0027.jpg"", ""image_0017.jpg"", ""image_0007.jpg"", ""image_0001.jpg"", ""image_0016.jpg"", ""image_0023.jpg"", ""image_0004.jpg"", ""image_0015.jpg"", ""image_0002.jpg"", ""image_0025.jpg"", ""image_0005.jpg"", ""image_0021.jpg"", ""image_0014.jpg"", ""image_0026.jpg"", ""image_0008.jpg"", ""image_0009.jpg"", ""image_0010.jpg"", ""image_0018.jpg""]",0.936,0
outlet_1aa573b9,14,0,[],"[""image_0002.jpg"", ""image_0003.jpg"", ""image_0005.jpg"", ""image_0012.jpg"", ""image_0001.jpg"", ""image_0007.jpg"", ""image_0004.jpg"", ""image_0013.jpg"", ""image_0014.jpg"", ""image_0006.jpg"", ""image_0008.jpg"", ""image_0009.jpg"", ""image_0010.jpg"", ""image_0011.jpg""]",0.769,0
outlet_1b2b051c,8,0,[],"[""image_0001.jpg"", ""image_0007.jpg"", ""image_0002.jpg"", ""image_0006.jpg"", ""image_0004.jpg"", ""image_0005.jpg"", ""image_0008.jpg"", ""image_0003.jpg""]",0.623,0
outlet_1ce36f39,15,0,[],"[""image_0015.jpg"", ""image_0006.jpg"", ""image_0003.jpg"", ""image_0007.jpg"", ""image_0009.jpg"", ""image_0008.jpg"", ""image_0005.jpg"", ""image_0012.jpg"", ""image_0014.jpg"", ""image_0013.jpg"", ""image_0002.jpg"", ""image_0011.jpg"", ""image_0004.jpg"", ""image_0001.jpg"", ""image_0010.jpg""]",0.672,0
outlet_1f28f2e3,19,0,[],"[""image_0004.jpg"", ""image_0008.jpg"", ""image_0013.jpg"", ""image_0003.jpg"", ""image_0002.jpg"", ""image_0005.jpg"", ""image_0007.jpg"", ""image_0001.jpg"", ""image_0009.jpg"", ""image_0015.jpg"", ""image_0014.jpg"", ""image_0012.jpg"", ""image_0019.jpg"", ""image_0006.jpg"", ""image_0011.jpg"", ""image_0010.jpg"", ""image_0018.jpg"", ""image_0016.jpg"", ""image_0017.jpg""]",0.719,0
outlet_256287da,7,0,[],"[""image_0003.jpg"", ""image_0006.jpg"", ""image_0005.jpg"", ""image_0001.jpg"", ""image_0004.jpg"", ""image_0007.jpg"", ""image_0002.jpg""]",0.72,0
outlet_264cdac2,5,2,"[{""file_name"": ""image_0002.jpg"", ""suspicion_score"": 0.7172, ""reason"": ""Median similarity to peers 0.32 vs folder median 0.57 (modified z = -2.6; absolute floor 0.27). Scene reads as 'storefront' while 3/4 peers read as 'closed shutter'. Signage text 'বিকাশ | ক্যাশ | খাহকারী' shares 7/20 tokens with outlet signage ('এম | এম | ছ'). No geometric match to nearest peers (max 7 SIFT inliers).""}, {""file_name"": ""image_0001.jpg"", ""suspicion_score"": 0.6557, ""reason"": ""Median similarity to peers 0.32 vs folder median 0.57 (modified z = -2.5; absolute floor 0.27). Scene reads as 'storefront' while 3/4 peers read as 'closed shutter'. Signage text 'খুচরা | বিল | ঠখুলুন' shares 7/26 tokens with outlet signage ('এম | এম | ছ'). No geometric match to nearest peers (max 5 SIFT inliers).""}]","[""image_0002.jpg"", ""image_0001.jpg"", ""image_0002_1.jpg"", ""image_0003.jpg"", ""image_0001_1.jpg""]",0.566,0
outlet_2790dc54,8,0,[],"[""image_0007.jpg"", ""image_0006.jpg"", ""image_0001.jpg"", ""image_0003.jpg"", ""image_0004.jpg"", ""image_0008.jpg"", ""image_0005.jpg"", ""image_0002.jpg""]",0.754,0
outlet_282fec27,11,0,[],"[""image_0006.jpg"", ""image_0003.jpg"", ""image_0002.jpg"", ""image_0011.jpg"", ""image_0007.jpg"", ""image_0004.jpg"", ""image_0005.jpg"", ""image_0008.jpg"", ""image_0009.jpg"", ""image_0010.jpg"", ""image_0001.jpg""]",0.828,0
outlet_288f9f47,18,3,"[{""file_name"": ""image_0002_1.jpg"", ""suspicion_score"": 0.8044, ""reason"": ""Median similarity to peers 0.23 vs folder median 0.75 (modified z = -9.7; absolute floor 0.27). Scene reads as 'shop interior' while 8/16 peers read as 'closed shutter'. No readable signage text, while peers show '797 | pepsi | 970050'. No geometric match to nearest peers (max 6 SIFT inliers).""}, {""file_name"": ""image_0001_1.jpg"", ""suspicion_score"": 0.6558, ""reason"": ""Median similarity to peers 0.37 vs folder median 0.75 (modified z = -7.2; absolute floor 0.27). Same scene type as peers ('closed shutter') but not the same place. Signage text 'দ্রক | ৪ুঁ' shares 0/2 tokens with outlet signage ('797 | pepsi | 970050'). No geometric match to nearest peers (max 5 SIFT inliers).""}, {""file_name"": ""image_0013.jpg"", ""suspicion_score"": 0.3, ""reason"": ""Identical copy of image_0012.jpg (content hash match); duplicate submission adds no new evidence of a visit.""}]","[""image_0002_1.jpg"", ""image_0001_1.jpg"", ""image_0013.jpg"", ""image_0005.jpg"", ""image_0002.jpg"", ""image_0016.jpg"", ""image_0011.jpg"", ""image_0015.jpg"", ""image_0001.jpg"", ""image_0004.jpg"", ""image_0003.jpg"", ""image_0014.jpg"", ""image_0007.jpg"", ""image_0006.jpg"", ""image_0009.jpg"", ""image_0008.jpg"", ""image_0010.jpg"", ""image_0012.jpg""]",0.746,0
outlet_28e3acec,30,4,"[{""file_name"": ""image_0001_1_1.jpg"", ""suspicion_score"": 0.7994, ""reason"": ""Median similarity to peers 0.07 vs folder median 0.78 (modified z = -8.0; absolute floor 0.27). Scene reads as 'house' while 22/29 peers read as 'storefront'. No readable signage text, while peers show 'AKASH | DigitalTV | AKASH'. No geometric match to nearest peers (max 4 SIFT inliers).""}, {""file_name"": ""image_0001_1.jpg"", ""suspicion_score"": 0.6641, ""reason"": ""Median similarity to peers 0.32 vs folder median 0.78 (modified z = -5.2; absolute floor 0.27). Scene reads as 'closed shutter' while 22/29 peers read as 'storefront'. Signage text 'এন্টারপ্রাইজ | র্মান | মেেমাস' shares 0/3 tokens with outlet signage ('AKASH | DigitalTV | AKASH'). No geometric match to nearest peers (max 5 SIFT inliers).""}, {""file_name"": ""image_0001_2.jpg"", ""suspicion_score"": 0.5076, ""reason"": ""Median similarity to peers 0.49 vs folder median 0.78 (modified z = -3.2; absolute floor 0.27). Same scene type as peers ('storefront') but not the same place. Signage text '৮১৪৭১ | কাটাখাল বাজার, ঝি | মোবাঃ ০১৭১৮' shares 0/8 tokens with outlet signage ('AKASH | DigitalTV | AKASH'). No geometric match to nearest peers (max 7 SIFT inliers).""}, {""file_name"": ""image_0002_1.jpg"", ""suspicion_score"": 0.5045, ""reason"": ""Median similarity to peers 0.41 vs folder median 0.78 (modified z = -4.1; absolute floor 0.27). Scene reads as 'restaurant' while 22/29 peers read as 'storefront'. No readable signage text, while peers show 'AKASH | DigitalTV | AKASH'. No geometric match to nearest peers (max 0 SIFT inliers).""}]","[""image_0001_1_1.jpg"", ""image_0001_1.jpg"", ""image_0001_2.jpg"", ""image_0002_1.jpg"", ""image_0002_2.jpg"", ""image_0003_1.jpg"", ""image_0003.jpg"", ""image_0011.jpg"", ""image_0009.jpg"", ""image_0007.jpg"", ""image_0020.jpg"", ""image_0002.jpg"", ""image_0021.jpg"", ""image_0019.jpg"", ""image_0008.jpg"", ""image_0010.jpg"", ""image_0001.jpg"", ""image_0005.jpg"", ""image_0022.jpg"", ""image_0023.jpg"", ""image_0006.jpg"", ""image_0017.jpg"", ""image_0004.jpg"", ""image_0024.jpg"", ""image_0013.jpg"", ""image_0016.jpg"", ""image_0015.jpg"", ""image_0014.jpg"", ""image_0018.jpg"", ""image_0012.jpg""]",0.778,0
outlet_29139154,11,0,[],"[""image_0011.jpg"", ""image_0002.jpg"", ""image_0010.jpg"", ""image_0007.jpg"", ""image_0006.jpg"", ""image_0001.jpg"", ""image_0008.jpg"", ""image_0009.jpg"", ""image_0005.jpg"", ""image_0003.jpg"", ""image_0004.jpg""]",0.802,0
outlet_2df55e25,5,0,[],"[""image_0001.jpg"", ""image_0003.jpg"", ""image_0005.jpg"", ""image_0004.jpg"", ""image_0002.jpg""]",0.421,1
outlet_2e2f0c83,14,1,"[{""file_name"": ""image_0009.jpg"", ""suspicion_score"": 0.3894, ""reason"": ""Median similarity to peers 0.40 vs folder median 0.63 (modified z = -3.3; absolute floor 0.27). Scene reads as 'closed shutter' while 8/13 peers read as 'storefront'. Signage text 'ডাবল | হাজারে | হাজার' shares 5/16 tokens with outlet signage ('খুলুন | বিকাশ | ১৪৯৫'). No geometric match to nearest peers (max 24 SIFT inliers).""}]","[""image_0009.jpg"", ""image_0010.jpg"", ""image_0002.jpg"", ""image_0014.jpg"", ""image_0004.jpg"", ""image_0003.jpg"", ""image_0013.jpg"", ""image_0005.jpg"", ""image_0011.jpg"", ""image_0006.jpg"", ""image_0007.jpg"", ""image_0008.jpg"", ""image_0012.jpg"", ""image_0001.jpg""]",0.631,0
outlet_2ed27fc4,10,1,"[{""file_name"": ""image_0003.jpg"", ""suspicion_score"": 0.7843, ""reason"": ""Median similarity to peers 0.10 vs folder median 0.32 (modified z = -3.6; absolute floor 0.27). Same scene type as peers ('closed shutter') but not the same place. Signage text 'শিখুন | প | ড্রাইভিং' shares 0/3 tokens with outlet signage ('99 | 01946-707048 | রোড;'). No geometric match to nearest peers (max 16 SIFT inliers).""}]","[""image_0003.jpg"", ""image_0001_1.jpg"", ""image_0004_1.jpg"", ""image_0001.jpg"", ""image_0005.jpg"", ""image_0002.jpg"", ""image_0003_1.jpg"", ""image_0002_1.jpg"", ""image_0006.jpg"", ""image_0004.jpg""]",0.316,1
outlet_2fed22e2,11,1,"[{""file_name"": ""image_0001.jpg"", ""suspicion_score"": 0.3526, ""reason"": ""Median similarity to peers 0.38 vs folder median 0.70 (modified z = -6.8; absolute floor 0.27). Same scene type as peers ('closed shutter') but not the same place. Signage text 'ONALD | 000[1' shares 0/2 tokens with outlet signage ('কাশ | পেমেন্ট বিকাশ করুন | বিকাশ'). No geometric match to nearest peers (max 27 SIFT inliers).""}]","[""image_0001.jpg"", ""image_0011.jpg"", ""image_0008.jpg"", ""image_0006.jpg"", ""image_0002.jpg"", ""image_0010.jpg"", ""image_0003.jpg"", ""image_0004.jpg"", ""image_0007.jpg"", ""image_0009.jpg"", ""image_0005.jpg""]",0.698,0
outlet_31cc0334,14,0,[],"[""image_0011.jpg"", ""image_0010.jpg"", ""image_0006.jpg"", ""image_0009.jpg"", ""image_0014.jpg"", ""image_0005.jpg"", ""image_0013.jpg"", ""image_0004.jpg"", ""image_0002.jpg"", ""image_0003.jpg"", ""image_0007.jpg"", ""image_0008.jpg"", ""image_0012.jpg"", ""image_0001.jpg""]",0.795,0
outlet_349bc0a8,19,4,"[{""file_name"": ""image_0001_1.jpg"", ""suspicion_score"": 0.8133, ""reason"": ""Median similarity to peers 0.18 vs folder median 0.76 (modified z = -5.1; absolute floor 0.27). Scene reads as 'closed shutter' while 15/17 peers read as 'storefront'. Signage text 'দোকান | নং-১; | বাদব;' shares 0/5 tokens with outlet signage ('কন | [১৪৯০ | ^'). No geometric match to nearest peers (max 9 SIFT inliers).""}, {""file_name"": ""image_0007.jpg"", ""suspicion_score"": 0.7783, ""reason"": ""Median similarity to peers 0.18 vs folder median 0.76 (modified z = -5.1; absolute floor 0.27). Scene reads as 'closed shutter' while 15/17 peers read as 'storefront'. Signage text 'ঘটার' shares 0/1 tokens with outlet signage ('কন | [১৪৯০ | ^'). No geometric match to nearest peers (max 10 SIFT inliers).""}, {""file_name"": ""image_0002_1.jpg"", ""suspicion_score"": 0.6588, ""reason"": ""Median similarity to peers 0.35 vs folder median 0.76 (modified z = -3.6; absolute floor 0.27). Same scene type as peers ('storefront') but not the same place. Signage text 'রোগীদের | জন্য | গরীব' shares 0/37 tokens with outlet signage ('কন | [১৪৯০ | ^'). No geometric match to nearest peers (max 9 SIFT inliers).""}, {""file_name"": ""image_0010.jpg"", ""suspicion_score"": 0.3, ""reason"": ""Identical copy of image_0009.jpg (content hash match); duplicate submission adds no new evidence of a visit.""}]","[""image_0001_1.jpg"", ""image_0007.jpg"", ""image_0002_1.jpg"", ""image_0010.jpg"", ""image_0003_1.jpg"", ""image_0006.jpg"", ""image_0004.jpg"", ""image_0003.jpg"", ""image_0016.jpg"", ""image_0001.jpg"", ""image_0014.jpg"", ""image_0002.jpg"", ""image_0005.jpg"", ""image_0011.jpg"", ""image_0013.jpg"", ""image_0015.jpg"", ""image_0012.jpg"", ""image_0008.jpg"", ""image_0009.jpg""]",0.765,0
outlet_36017925,11,0,[],"[""image_0010.jpg"", ""image_0011.jpg"", ""image_0003.jpg"", ""image_0001.jpg"", ""image_0007.jpg"", ""image_0002.jpg"", ""image_0004.jpg"", ""image_0005.jpg"", ""image_0008.jpg"", ""image_0009.jpg"", ""image_0006.jpg""]",0.791,0
outlet_36bfbfba,8,0,[],"[""image_0001.jpg"", ""image_0005.jpg"", ""image_0002.jpg"", ""image_0004.jpg"", ""image_0003.jpg"", ""image_0006.jpg"", ""image_0007.jpg"", ""image_0008.jpg""]",0.614,0
outlet_376cc0f6,10,0,[],"[""image_0004.jpg"", ""image_0003.jpg"", ""image_0005.jpg"", ""image_0001.jpg"", ""image_0006.jpg"", ""image_0009.jpg"", ""image_0010.jpg"", ""image_0007.jpg"", ""image_0008.jpg"", ""image_0002.jpg""]",0.67,0
outlet_3bb172c5,16,1,"[{""file_name"": ""image_0011.jpg"", ""suspicion_score"": 0.3, ""reason"": ""Identical copy of image_0010.jpg (content hash match); duplicate submission adds no new evidence of a visit.""}]","[""image_0011.jpg"", ""image_0014.jpg"", ""image_0001.jpg"", ""image_0010.jpg"", ""image_0013.jpg"", ""image_0015.jpg"", ""image_0007.jpg"", ""image_0006.jpg"", ""image_0002.jpg"", ""image_0003.jpg"", ""image_0008.jpg"", ""image_0005.jpg"", ""image_0012.jpg"", ""image_0004.jpg"", ""image_0016.jpg"", ""image_0009.jpg""]",0.847,0
outlet_3c954cee,6,0,[],"[""image_0006.jpg"", ""image_0001.jpg"", ""image_0004.jpg"", ""image_0005.jpg"", ""image_0002.jpg"", ""image_0003.jpg""]",0.818,0
outlet_3cf44c1c,5,0,[],"[""image_0002.jpg"", ""image_0001.jpg"", ""image_0005.jpg"", ""image_0003.jpg"", ""image_0004.jpg""]",0.818,0
outlet_3d493e9d,10,0,[],"[""image_0001.jpg"", ""image_0008.jpg"", ""image_0002.jpg"", ""image_0007.jpg"", ""image_0010.jpg"", ""image_0004.jpg"", ""image_0005.jpg"", ""image_0009.jpg"", ""image_0003.jpg"", ""image_0006.jpg""]",0.727,0
outlet_3f09815b,6,0,[],"[""image_0006.jpg"", ""image_0005.jpg"", ""image_0004.jpg"", ""image_0001.jpg"", ""image_0003.jpg"", ""image_0002.jpg""]",0.808,0
outlet_4057fa9f,5,0,[],"[""image_0005.jpg"", ""image_0003.jpg"", ""image_0001.jpg"", ""image_0002.jpg"", ""image_0004.jpg""]",0.825,0
outlet_4369bd99,10,1,"[{""file_name"": ""image_0006.jpg"", ""suspicion_score"": 0.932, ""reason"": ""Median similarity to peers -0.01 vs folder median 0.52 (modified z = -6.7; absolute floor 0.27). Scene reads as 'poster close-up' while 5/9 peers read as 'storefront'. No readable signage text, while peers show 'ARAFAT | পযন্ত | খুলুন'. No geometric match to nearest peers (max 0 SIFT inliers).""}]","[""image_0006.jpg"", ""image_0001.jpg"", ""image_0010.jpg"", ""image_0003.jpg"", ""image_0008.jpg"", ""image_0002.jpg"", ""image_0004.jpg"", ""image_0009.jpg"", ""image_0005.jpg"", ""image_0007.jpg""]",0.518,0
outlet_459bb23b,8,0,[],"[""image_0005.jpg"", ""image_0002.jpg"", ""image_0008.jpg"", ""image_0006.jpg"", ""image_0004.jpg"", ""image_0001.jpg"", ""image_0007.jpg"", ""image_0003.jpg""]",0.711,0
outlet_459c1a69,16,0,[],"[""image_0009.jpg"", ""image_0010.jpg"", ""image_0003.jpg"", ""image_0013.jpg"", ""image_0004.jpg"", ""image_0015.jpg"", ""image_0005.jpg"", ""image_0002.jpg"", ""image_0012.jpg"", ""image_0014.jpg"", ""image_0008.jpg"", ""image_0006.jpg"", ""image_0011.jpg"", ""image_0001.jpg"", ""image_0007.jpg"", ""image_0016.jpg""]",0.739,0
outlet_47cf0cdd,27,0,[],"[""image_0015.jpg"", ""image_0026.jpg"", ""image_0019.jpg"", ""image_0003.jpg"", ""image_0001.jpg"", ""image_0008.jpg"", ""image_0017.jpg"", ""image_0013.jpg"", ""image_0018.jpg"", ""image_0025.jpg"", ""image_0010.jpg"", ""image_0005.jpg"", ""image_0004.jpg"", ""image_0027.jpg"", ""image_0023.jpg"", ""image_0024.jpg"", ""image_0002.jpg"", ""image_0006.jpg"", ""image_0022.jpg"", ""image_0020.jpg"", ""image_0011.jpg"", ""image_0009.jpg"", ""image_0021.jpg"", ""image_0012.jpg"", ""image_0014.jpg"", ""image_0007.jpg"", ""image_0016.jpg""]",0.759,0
outlet_486748c6,5,2,"[{""file_name"": ""image_0002.jpg"", ""suspicion_score"": 0.8722, ""reason"": ""Median similarity to peers 0.05 vs folder median 0.32 (modified z = -9.4; absolute floor 0.27). Scene reads as 'closed shutter' while 3/4 peers read as 'shop interior'. No readable signage text, while peers show 'করা | বিক্রয় | সুলভ :'. No geometric match to nearest peers (max 5 SIFT inliers).""}, {""file_name"": ""image_0003.jpg"", ""suspicion_score"": 0.8004, ""reason"": ""Median similarity to peers 0.07 vs folder median 0.32 (modified z = -9.0; absolute floor 0.27). Scene reads as 'closed shutter' while 3/4 peers read as 'shop interior'. No readable signage text, while peers show 'করা | বিক্রয় | সুলভ :'. No geometric match to nearest peers (max 0 SIFT inliers).""}]","[""image_0002.jpg"", ""image_0003.jpg"", ""image_0005.jpg"", ""image_0001.jpg"", ""image_0004.jpg""]",0.324,1
outlet_4a66821b,12,0,[],"[""image_0007.jpg"", ""image_0004.jpg"", ""image_0005.jpg"", ""image_0008.jpg"", ""image_0003.jpg"", ""image_0001.jpg"", ""image_0006.jpg"", ""image_0011.jpg"", ""image_0002.jpg"", ""image_0010.jpg"", ""image_0009.jpg"", ""image_0012.jpg""]",0.8,0
outlet_4ba8e6fb,14,1,"[{""file_name"": ""image_0007.jpg"", ""suspicion_score"": 0.3, ""reason"": ""Identical copy of image_0006.jpg (content hash match); duplicate submission adds no new evidence of a visit.""}]","[""image_0007.jpg"", ""image_0002.jpg"", ""image_0004_1.jpg"", ""image_0001.jpg"", ""image_0001_1.jpg"", ""image_0002_1.jpg"", ""image_0003_1.jpg"", ""image_0010.jpg"", ""image_0003.jpg"", ""image_0004.jpg"", ""image_0009.jpg"", ""image_0008.jpg"", ""image_0006.jpg"", ""image_0005.jpg""]",0.627,0
outlet_4bbeb21b,21,2,"[{""file_name"": ""image_0009.jpg"", ""suspicion_score"": 0.3, ""reason"": ""Identical copy of image_0008.jpg (content hash match); duplicate submission adds no new evidence of a visit.""}, {""file_name"": ""image_0014.jpg"", ""suspicion_score"": 0.3, ""reason"": ""Identical copy of image_0013.jpg (content hash match); duplicate submission adds no new evidence of a visit.""}]","[""image_0009.jpg"", ""image_0014.jpg"", ""image_0016.jpg"", ""image_0011.jpg"", ""image_0002.jpg"", ""image_0005.jpg"", ""image_0004.jpg"", ""image_0015.jpg"", ""image_0013.jpg"", ""image_0001.jpg"", ""image_0019.jpg"", ""image_0007.jpg"", ""image_0017.jpg"", ""image_0010.jpg"", ""image_0008.jpg"", ""image_0012.jpg"", ""image_0003.jpg"", ""image_0006.jpg"", ""image_0020.jpg"", ""image_0018.jpg"", ""image_0021.jpg""]",0.777,0
outlet_4eaf2e47,9,0,[],"[""image_0006.jpg"", ""image_0001_2.jpg"", ""image_0001_1.jpg"", ""image_0002.jpg"", ""image_0001_1_1.jpg"", ""image_0005.jpg"", ""image_0003.jpg"", ""image_0004.jpg"", ""image_0001.jpg""]",0.316,1
outlet_5234b92a,22,4,"[{""file_name"": ""image_0004_1.jpg"", ""suspicion_score"": 0.8166, ""reason"": ""Median similarity to peers 0.20 vs folder median 0.77 (modified z = -12.7; absolute floor 0.27). Scene reads as 'shop interior' while 13/21 peers read as 'closed shutter'. Signage text 'মাদবর | মোবাঃ ( | elerinari' shares 0/6 tokens with outlet signage ('হাজার | আউটে | [১৪৯০'). No geometric match to nearest peers (max 6 SIFT inliers). 3 other images in this folder resemble it (median similarity 0.82) but none of them matches the rest of the folder either: a coherent group that is foreign as a whole.""}, {""file_name"": ""image_0001_1.jpg"", ""suspicion_score"": 0.7921, ""reason"": ""Median similarity to peers 0.26 vs folder median 0.77 (modified z = -11.4; absolute floor 0.27). Scene reads as 'storefront' while 13/21 peers read as 'closed shutter'. No readable signage text, while peers show 'হাজার | আউটে | [১৪৯০'. No geometric match to nearest peers (max 6 SIFT inliers). 3 other images in this folder resemble it (median similarity 0.77) but none of them matches the rest of the folder either: a coherent group that is foreign as a whole.""}, {""file_name"": ""image_0003_1.jpg"", ""suspicion_score"": 0.7662, ""reason"": ""Median similarity to peers 0.24 vs folder median 0.77 (modified z = -11.8; absolute floor 0.27). Scene reads as 'shop interior' while 13/21 peers read as 'closed shutter'. Signage text 'মোবাঃ  | Elerinani Ualli | সদব' shares 0/8 tokens with outlet signage ('হাজার | আউটে | [১৪৯০'). No geometric match to nearest peers (max 5 SIFT inliers). 3 other images in this folder resemble it (median similarity 0.83) but none of them matches the rest of the folder either: a coherent group that is foreign as a whole.""}, {""file_name"": ""image_0002_1.jpg"", ""suspicion_score"": 0.7364, ""reason"": ""Median similarity to peers 0.30 vs folder median 0.77 (modified z = -10.6; absolute floor 0.27). Scene reads as 'shop interior' while 13/21 peers read as 'closed shutter'. Signage text '[৫s' shares 0/1 tokens with outlet signage ('হাজার | আউটে | [১৪৯০'). No geometric match to nearest peers (max 6 SIFT inliers). 3 other images in this folder resemble it (median similarity 0.75) but none of them matches the rest of the folder either: a coherent group that is foreign as a whole.""}]","[""image_0004_1.jpg"", ""image_0001_1.jpg"", ""image_0003_1.jpg"", ""image_0002_1.jpg"", ""image_0009.jpg"", ""image_0005.jpg"", ""image_0002.jpg"", ""image_0011.jpg"", ""image_0016.jpg"", ""image_0010.jpg"", ""image_0006.jpg"", ""image_0003.jpg"", ""image_0012.jpg"", ""image_0014.jpg"", ""image_0004.jpg"", ""image_0018.jpg"", ""image_0013.jpg"", ""image_0015.jpg"", ""image_0017.jpg"", ""image_0007.jpg"", ""image_0001.jpg"", ""image_0008.jpg""]",0.769,0
outlet_539b60a1,12,0,[],"[""image_0004.jpg"", ""image_0005.jpg"", ""image_0003.jpg"", ""image_0006.jpg"", ""image_0010.jpg"", ""image_0002.jpg"", ""image_0008.jpg"", ""image_0011.jpg"", ""image_0001.jpg"", ""image_0012.jpg"", ""image_0007.jpg"", ""image_0009.jpg""]",0.784,0
outlet_53ea491f,13,0,[],"[""image_0004.jpg"", ""image_0002.jpg"", ""image_0011.jpg"", ""image_0007.jpg"", ""image_0006.jpg"", ""image_0003.jpg"", ""image_0005.jpg"", ""image_0009.jpg"", ""image_0013.jpg"", ""image_0008.jpg"", ""image_0010.jpg"", ""image_0001.jpg"", ""image_0012.jpg""]",0.633,0
outlet_5be5b163,7,0,[],"[""image_0002.jpg"", ""image_0006.jpg"", ""image_0001.jpg"", ""image_0004.jpg"", ""image_0005.jpg"", ""image_0003.jpg"", ""image_0007.jpg""]",0.644,0
outlet_5c8120ae,15,1,"[{""file_name"": ""image_0006.jpg"", ""suspicion_score"": 0.3, ""reason"": ""Identical copy of image_0005.jpg (content hash match); duplicate submission adds no new evidence of a visit.""}]","[""image_0006.jpg"", ""image_0007.jpg"", ""image_0014.jpg"", ""image_0013.jpg"", ""image_0010.jpg"", ""image_0012.jpg"", ""image_0003.jpg"", ""image_0004.jpg"", ""image_0005.jpg"", ""image_0011.jpg"", ""image_0002.jpg"", ""image_0009.jpg"", ""image_0008.jpg"", ""image_0015.jpg"", ""image_0001.jpg""]",0.68,0
outlet_5d690cb1,11,1,"[{""file_name"": ""image_0001.jpg"", ""suspicion_score"": 0.6894, ""reason"": ""Median similarity to peers 0.30 vs folder median 0.47 (modified z = -3.2; absolute floor 0.27). Scene reads as 'storefront' while 7/10 peers read as 'closed shutter'. Signage text 'বিকশ | করন | ডিপিএস' shares 0/16 tokens with outlet signage ('মানি | দেশের | ০১৩২৫-৪৮৩৬১৩'). No geometric match to nearest peers (max 9 SIFT inliers).""}]","[""image_0001.jpg"", ""image_0003.jpg"", ""image_0005.jpg"", ""image_0004.jpg"", ""image_0006.jpg"", ""image_0008.jpg"", ""image_0011.jpg"", ""image_0009.jpg"", ""image_0010.jpg"", ""image_0002.jpg"", ""image_0007.jpg""]",0.472,0
outlet_5edce88b,10,1,"[{""file_name"": ""image_0009.jpg"", ""suspicion_score"": 0.5329, ""reason"": ""Median similarity to peers 0.25 vs folder median 0.47 (modified z = -4.7; absolute floor 0.27). Same scene type as peers ('restaurant') but not the same place. Signage text 'উঠনি | উঠনি রেস্টুরেন্ট | ৫০৫' shares 1/4 tokens with outlet signage ('নিউ | উঠন রেস্টুরেন্ট | ওয়াচ'). No geometric match to nearest peers (max 24 SIFT inliers).""}]","[""image_0009.jpg"", ""image_0008.jpg"", ""image_0002.jpg"", ""image_0003.jpg"", ""image_0007.jpg"", ""image_0001.jpg"", ""image_0005.jpg"", ""image_0010.jpg"", ""image_0004.jpg"", ""image_0006.jpg""]",0.473,0
outlet_5fb892d3,5,0,[],"[""image_0004.jpg"", ""image_0003.jpg"", ""image_0001.jpg"", ""image_0002.jpg"", ""image_0005.jpg""]",0.523,0
outlet_6087824b,15,1,"[{""file_name"": ""image_0015.jpg"", ""suspicion_score"": 0.3602, ""reason"": ""Median similarity to peers 0.48 vs folder median 0.84 (modified z = -11.9; absolute floor 0.27). Scene reads as 'closed shutter' while 10/14 peers read as 'storefront'. Signage text 'Faziul | IIIIIII' shares 0/2 tokens with outlet signage ('আপনজন | আপনজন | আপনজন'). No geometric match to nearest peers (max 4 SIFT inliers).""}]","[""image_0015.jpg"", ""image_0005.jpg"", ""image_0011.jpg"", ""image_0001.jpg"", ""image_0014.jpg"", ""image_0009.jpg"", ""image_0007.jpg"", ""image_0004.jpg"", ""image_0012.jpg"", ""image_0002.jpg"", ""image_0008.jpg"", ""image_0003.jpg"", ""image_0006.jpg"", ""image_0010.jpg"", ""image_0013.jpg""]",0.842,0
outlet_612f8240,19,1,"[{""file_name"": ""image_0002_1.jpg"", ""suspicion_score"": 0.548, ""reason"": ""Median similarity to peers 0.33 vs folder median 0.80 (modified z = -8.8; absolute floor 0.27). Same scene type as peers ('closed shutter') but not the same place. Signage text 'ওমর | সদর | ফারুক সড়ক' shares 0/14 tokens with outlet signage ('IBNSINA | সেন্টার | IBNSINA'). No geometric match to nearest peers (max 12 SIFT inliers).""}]","[""image_0002_1.jpg"", ""image_0001_1.jpg"", ""image_0013.jpg"", ""image_0005.jpg"", ""image_0014.jpg"", ""image_0004.jpg"", ""image_0010.jpg"", ""image_0001.jpg"", ""image_0007.jpg"", ""image_0017.jpg"", ""image_0016.jpg"", ""image_0011.jpg"", ""image_0012.jpg"", ""image_0006.jpg"", ""image_0008.jpg"", ""image_0015.jpg"", ""image_0003.jpg"", ""image_0002.jpg"", ""image_0009.jpg""]",0.804,0
outlet_63a4bb52,13,1,"[{""file_name"": ""image_0002.jpg"", ""suspicion_score"": 0.5736, ""reason"": ""Median similarity to peers 0.25 vs folder median 0.65 (modified z = -3.9; absolute floor 0.27). Same scene type as peers ('closed shutter') but not the same place. Signage text '৬ | যায় | মুলয' shares 0/7 tokens with outlet signage ('ই | সেলুন | অমনো'). No geometric match to nearest peers (max 21 SIFT inliers). 2 other images in this folder resemble it (median similarity 0.84) but none of them matches the rest of the folder either: a coherent group that is foreign as a whole.""}]","[""image_0002.jpg"", ""image_0006.jpg"", ""image_0004.jpg"", ""image_0009.jpg"", ""image_0013.jpg"", ""image_0005.jpg"", ""image_0003.jpg"", ""image_0011.jpg"", ""image_0007.jpg"", ""image_0001.jpg"", ""image_0010.jpg"", ""image_0012.jpg"", ""image_0008.jpg""]",0.654,0
outlet_647a174b,9,0,[],"[""image_0005.jpg"", ""image_0004.jpg"", ""image_0002.jpg"", ""image_0007.jpg"", ""image_0008.jpg"", ""image_0006.jpg"", ""image_0003.jpg"", ""image_0009.jpg"", ""image_0001.jpg""]",0.794,0
outlet_648ccd9a,12,2,"[{""file_name"": ""image_0002_1.jpg"", ""suspicion_score"": 0.8101, ""reason"": ""Median similarity to peers 0.21 vs folder median 0.56 (modified z = -3.3; absolute floor 0.27). Same scene type as peers ('shop interior') but not the same place. Signage text '১৪৯০ | সিম | 00' shares 0/9 tokens with outlet signage ('101011 | 401275 | com'). No geometric match to nearest peers (max 6 SIFT inliers).""}, {""file_name"": ""image_0003_1.jpg"", ""suspicion_score"": 0.7257, ""reason"": ""Median similarity to peers 0.26 vs folder median 0.56 (modified z = -2.9; absolute floor 0.27). Scene reads as 'street scene' while 6/11 peers read as 'shop interior'. Signage text 'ঝগদ | সবিল | ১৪,৯০' shares 0/4 tokens with outlet signage ('101011 | 401275 | com'). No geometric match to nearest peers (max 10 SIFT inliers).""}]","[""image_0002_1.jpg"", ""image_0003_1.jpg"", ""image_0001_1.jpg"", ""image_0008.jpg"", ""image_0005.jpg"", ""image_0004.jpg"", ""image_0009.jpg"", ""image_0002.jpg"", ""image_0006.jpg"", ""image_0003.jpg"", ""image_0001.jpg"", ""image_0007.jpg""]",0.559,0
outlet_66dff2a1,18,1,"[{""file_name"": ""image_0001_1.jpg"", ""suspicion_score"": 0.7026, ""reason"": ""Median similarity to peers 0.28 vs folder median 0.70 (modified z = -7.1; absolute floor 0.27). Same scene type as peers ('storefront') but not the same place. Signage text 'Spoken English] | 50% | রোড' shares 0/22 tokens with outlet signage ('pepsi | আউট | ডাবল'). No geometric match to nearest peers (max 10 SIFT inliers).""}]","[""image_0001_1.jpg"", ""image_0017.jpg"", ""image_0016.jpg"", ""image_0008.jpg"", ""image_0002.jpg"", ""image_0004.jpg"", ""image_0014.jpg"", ""image_0003.jpg"", ""image_0011.jpg"", ""image_0009.jpg"", ""image_0012.jpg"", ""image_0010.jpg"", ""image_0005.jpg"", ""image_0006.jpg"", ""image_0001.jpg"", ""image_0007.jpg"", ""image_0015.jpg"", ""image_0013.jpg""]",0.705,0
outlet_680cfd33,12,1,"[{""file_name"": ""image_0001.jpg"", ""suspicion_score"": 0.932, ""reason"": ""Median similarity to peers -0.01 vs folder median 0.31 (modified z = -4.4; absolute floor 0.27). Scene reads as 'poster close-up' while 7/11 peers read as 'closed shutter'. Signage text 'বিকাশ বা ব্যাংকের অ্যাপ দিয়ে | 2 5 0 | পেমেন্ট করুন' shares 0/10 tokens with outlet signage ('01720832999 | শাঃ আবুল কালাম আজাদ | 62'). No geometric match to nearest peers (max 0 SIFT inliers).""}]","[""image_0001.jpg"", ""image_0001_1.jpg"", ""image_0006.jpg"", ""image_0004_1.jpg"", ""image_0007.jpg"", ""image_0003_1.jpg"", ""image_0004.jpg"", ""image_0003.jpg"", ""image_0002.jpg"", ""image_0008.jpg"", ""image_0002_1.jpg"", ""image_0005.jpg""]",0.309,1
outlet_68bc17a7,30,1,"[{""file_name"": ""image_0009.jpg"", ""suspicion_score"": 0.3, ""reason"": ""Identical copy of image_0008.jpg (content hash match); duplicate submission adds no new evidence of a visit.""}]","[""image_0009.jpg"", ""image_0021.jpg"", ""image_0029.jpg"", ""image_0001.jpg"", ""image_0016.jpg"", ""image_0026.jpg"", ""image_0014.jpg"", ""image_0005.jpg"", ""image_0004.jpg"", ""image_0030.jpg"", ""image_0027.jpg"", ""image_0019.jpg"", ""image_0010.jpg"", ""image_0017.jpg"", ""image_0002.jpg"", ""image_0028.jpg"", ""image_0012.jpg"", ""image_0006.jpg"", ""image_0008.jpg"", ""image_0015.jpg"", ""image_0023.jpg"", ""image_0013.jpg"", ""image_0011.jpg"", ""image_0003.jpg"", ""image_0020.jpg"", ""image_0022.jpg"", ""image_0025.jpg"", ""image_0007.jpg"", ""image_0024.jpg"", ""image_0018.jpg""]",0.79,0
outlet_6aa59f2b,40,3,"[{""file_name"": ""image_0028.jpg"", ""suspicion_score"": 0.3218, ""reason"": ""Identical copy of image_0027.jpg (content hash match); duplicate submission adds no new evidence of a visit.""}, {""file_name"": ""image_0013.jpg"", ""suspicion_score"": 0.3, ""reason"": ""Identical copy of image_0012.jpg (content hash match); duplicate submission adds no new evidence of a visit.""}, {""file_name"": ""image_0021.jpg"", ""suspicion_score"": 0.3, ""reason"": ""Identical copy of image_0020.jpg (content hash match); duplicate submission adds no new evidence of a visit.""}]","[""image_0009.jpg"", ""image_0003_1.jpg"", ""image_0027.jpg"", ""image_0028.jpg"", ""image_0036.jpg"", ""image_0007.jpg"", ""image_0013.jpg"", ""image_0021.jpg"", ""image_0020.jpg"", ""image_0025.jpg"", ""image_0023.jpg"", ""image_0032.jpg"", ""image_0034.jpg"", ""image_0035.jpg"", ""image_0016.jpg"", ""image_0029.jpg"", ""image_0002_1.jpg"", ""image_0015.jpg"", ""image_0001_1.jpg"", ""image_0003.jpg"", ""image_0002.jpg"", ""image_0004_1.jpg"", ""image_0024.jpg"", ""image_0001.jpg"", ""image_0014.jpg"", ""image_0031.jpg"", ""image_0005.jpg"", ""image_0006.jpg"", ""image_0012.jpg"", ""image_0026.jpg"", ""image_0033.jpg"", ""image_0010.jpg"", ""image_0011.jpg"", ""image_0017.jpg"", ""image_0019.jpg"", ""image_0008.jpg"", ""image_0018.jpg"", ""image_0030.jpg"", ""image_0004.jpg"", ""image_0022.jpg""]",0.426,1
outlet_6b2080bc,6,1,"[{""file_name"": ""image_0003.jpg"", ""suspicion_score"": 0.8165, ""reason"": ""Median similarity to peers 0.10 vs folder median 0.49 (modified z = -7.6; absolute floor 0.27). Scene reads as 'shop interior' while 2/5 peers read as 'closed shutter'. No readable signage text, while peers show 'হেড | হেড | CHINESE'. No geometric match to nearest peers (max 4 SIFT inliers).""}]","[""image_0003.jpg"", ""image_0004.jpg"", ""image_0005.jpg"", ""image_0002.jpg"", ""image_0006.jpg"", ""image_0001.jpg""]",0.488,0
outlet_6cd2f45a,6,1,"[{""file_name"": ""image_0002.jpg"", ""suspicion_score"": 0.8889, ""reason"": ""Median similarity to peers 0.12 vs folder median 0.88 (modified z = -16.6; absolute floor 0.27). Scene reads as 'shop interior' while 5/5 peers read as 'closed shutter'. No readable signage text, while peers show '01911-543095 | মোবাইল: 01605-034206) | দোয়'. No geometric match to nearest peers (max 5 SIFT inliers).""}]","[""image_0002.jpg"", ""image_0003.jpg"", ""image_0004.jpg"", ""image_0005.jpg"", ""image_0006.jpg"", ""image_0001.jpg""]",0.876,0
outlet_6df6bcc9,5,0,[],"[""image_0004.jpg"", ""image_0001.jpg"", ""image_0003.jpg"", ""image_0005.jpg"", ""image_0002.jpg""]",0.597,0
outlet_70f9bde3,8,1,"[{""file_name"": ""image_0007.jpg"", ""suspicion_score"": 0.5559, ""reason"": ""Median similarity to peers 0.26 vs folder median 0.73 (modified z = -6.6; absolute floor 0.27). Scene reads as 'closed shutter' while 2/7 peers read as 'storefront'. Signage text '0১৭১০ ২০৯৯৯৫ | প্রোঃতজয় লল | ফামেছ/' shares 2/5 tokens with outlet signage ('এসএমসি | লাল আচার্য্য | অজয়'). No geometric match to nearest peers (max 21 SIFT inliers). 2 other images in this folder resemble it (median similarity 0.81) but none of them matches the rest of the folder either: a coherent group that is foreign as a whole.""}]","[""image_0007.jpg"", ""image_0001.jpg"", ""image_0005.jpg"", ""image_0003.jpg"", ""image_0004.jpg"", ""image_0002.jpg"", ""image_0006.jpg"", ""image_0008.jpg""]",0.725,0
outlet_7109ee18,18,0,[],"[""image_0006.jpg"", ""image_0010.jpg"", ""image_0015.jpg"", ""image_0014.jpg"", ""image_0009.jpg"", ""image_0016.jpg"", ""image_0002.jpg"", ""image_0017.jpg"", ""image_0012.jpg"", ""image_0013.jpg"", ""image_0011.jpg"", ""image_0004.jpg"", ""image_0005.jpg"", ""image_0003.jpg"", ""image_0001.jpg"", ""image_0008.jpg"", ""image_0018.jpg"", ""image_0007.jpg""]",0.802,0
outlet_731b30e0,6,0,[],"[""image_0003.jpg"", ""image_0006.jpg"", ""image_0004.jpg"", ""image_0001.jpg"", ""image_0002.jpg"", ""image_0005.jpg""]",0.488,0
outlet_74d4383f,7,0,[],"[""image_0004.jpg"", ""image_0001.jpg"", ""image_0002.jpg"", ""image_0005.jpg"", ""image_0006.jpg"", ""image_0003.jpg"", ""image_0007.jpg""]",0.577,0
outlet_76e418b9,14,1,"[{""file_name"": ""image_0002.jpg"", ""suspicion_score"": 0.6823, ""reason"": ""Median similarity to peers 0.16 vs folder median 0.50 (modified z = -3.2; absolute floor 0.27). Scene reads as 'closed shutter' while 7/13 peers read as 'storefront'. Signage text 'ক্যাশ | ১০৯৫ | বিকাশ' shares 6/15 tokens with outlet signage ('বিকাশ | হাজার | হাজাবে'). No geometric match to nearest peers (max 21 SIFT inliers).""}]","[""image_0002.jpg"", ""image_0001_1.jpg"", ""image_0002_1.jpg"", ""image_0012.jpg"", ""image_0011.jpg"", ""image_0003.jpg"", ""image_0007.jpg"", ""image_0009.jpg"", ""image_0006.jpg"", ""image_0010.jpg"", ""image_0008.jpg"", ""image_0001.jpg"", ""image_0005.jpg"", ""image_0004.jpg""]",0.501,0
outlet_777f9297,13,1,"[{""file_name"": ""image_0001_1.jpg"", ""suspicion_score"": 0.6489, ""reason"": ""Median similarity to peers 0.35 vs folder median 0.86 (modified z = -34.9; absolute floor 0.27). Scene reads as 'closed shutter' while 12/12 peers read as 'storefront'. No readable signage text, while peers show 'টেলিকম | আর | টেলিকম'. No geometric match to nearest peers (max 5 SIFT inliers).""}]","[""image_0001_1.jpg"", ""image_0004.jpg"", ""image_0003.jpg"", ""image_0006.jpg"", ""image_0009.jpg"", ""image_0012.jpg"", ""image_0010.jpg"", ""image_0005.jpg"", ""image_0011.jpg"", ""image_0008.jpg"", ""image_0002.jpg"", ""image_0001.jpg"", ""image_0007.jpg""]",0.862,0
outlet_782744b7,7,0,[],"[""image_0003.jpg"", ""image_0006.jpg"", ""image_0002.jpg"", ""image_0005.jpg"", ""image_0001.jpg"", ""image_0004.jpg"", ""image_0007.jpg""]",0.625,0
outlet_7b0d7e5d,10,0,[],"[""image_0001_1.jpg"", ""image_0003_1.jpg"", ""image_0004.jpg"", ""image_0002_1.jpg"", ""image_0004_1.jpg"", ""image_0006.jpg"", ""image_0001.jpg"", ""image_0005.jpg"", ""image_0003.jpg"", ""image_0002.jpg""]",0.501,0
outlet_7d7b1abc,25,1,"[{""file_name"": ""image_0019.jpg"", ""suspicion_score"": 0.3, ""reason"": ""Identical copy of image_0018.jpg (content hash match); duplicate submission adds no new evidence of a visit.""}]","[""image_0019.jpg"", ""image_0004.jpg"", ""image_0021.jpg"", ""image_0015.jpg"", ""image_0008.jpg"", ""image_0017.jpg"", ""image_0012.jpg"", ""image_0022.jpg"", ""image_0001.jpg"", ""image_0009.jpg"", ""image_0024.jpg"", ""image_0018.jpg"", ""image_0003.jpg"", ""image_0007.jpg"", ""image_0023.jpg"", ""image_0011.jpg"", ""image_0006.jpg"", ""image_0025.jpg"", ""image_0014.jpg"", ""image_0002.jpg"", ""image_0016.jpg"", ""image_0013.jpg"", ""image_0010.jpg"", ""image_0020.jpg"", ""image_0005.jpg""]",0.8,0
outlet_7f1dd575,10,1,"[{""file_name"": ""image_0001_1.jpg"", ""suspicion_score"": 0.6204, ""reason"": ""Median similarity to peers 0.43 vs folder median 0.60 (modified z = -3.0; absolute floor 0.27). Scene reads as 'storefront' while 8/9 peers read as 'restaurant'. Signage text '01911 | 401550 | মোঃ' shares 0/26 tokens with outlet signage ('মোবাঃ ০১৭২৮-৫৪১৪৫৪ | উন্নতমানের ' | খাবার পরিবেশন ক্রা হ্য়…'). No geometric match to nearest peers (max 7 SIFT inliers).""}]","[""image_0001_1.jpg"", ""image_0002.jpg"", ""image_0009.jpg"", ""image_0008.jpg"", ""image_0006.jpg"", ""image_0005.jpg"", ""image_0001.jpg"", ""image_0007.jpg"", ""image_0004.jpg"", ""image_0003.jpg""]",0.6,0
outlet_8033796b,12,0,[],"[""image_0012.jpg"", ""image_0001.jpg"", ""image_0011.jpg"", ""image_0003.jpg"", ""image_0010.jpg"", ""image_0004.jpg"", ""image_0009.jpg"", ""image_0006.jpg"", ""image_0002.jpg"", ""image_0005.jpg"", ""image_0007.jpg"", ""image_0008.jpg""]",0.873,0
outlet_817272f8,5,0,[],"[""image_0003.jpg"", ""image_0001.jpg"", ""image_0004.jpg"", ""image_0005.jpg"", ""image_0002.jpg""]",0.851,0
outlet_827dd729,14,2,"[{""file_name"": ""image_0001_1.jpg"", ""suspicion_score"": 0.8878, ""reason"": ""Median similarity to peers 0.15 vs folder median 0.82 (modified z = -18.3; absolute floor 0.27). Scene reads as 'closed shutter' while 5/13 peers read as 'shop interior'. Signage text '[[ | sursik | ভাঃ @ঃ' shares 0/7 tokens with outlet signage ('নিউ | CER | ং'). No geometric match to nearest peers (max 6 SIFT inliers).""}, {""file_name"": ""image_0003.jpg"", ""suspicion_score"": 0.6281, ""reason"": ""Median similarity to peers 0.21 vs folder median 0.82 (modified z = -16.6; absolute floor 0.27). Scene reads as 'storefront' while 5/13 peers read as 'shop interior'. Signage text 'প | ঢাকা | IONNO' shares 0/3 tokens with outlet signage ('নিউ | CER | ং'). No geometric match to nearest peers (max 17 SIFT inliers).""}]","[""image_0001_1.jpg"", ""image_0003.jpg"", ""image_0001.jpg"", ""image_0012.jpg"", ""image_0007.jpg"", ""image_0008.jpg"", ""image_0011.jpg"", ""image_0005.jpg"", ""image_0006.jpg"", ""image_0004.jpg"", ""image_0002.jpg"", ""image_0009.jpg"", ""image_0013.jpg"", ""image_0010.jpg""]",0.823,0
outlet_830a6674,14,4,"[{""file_name"": ""image_0004.jpg"", ""suspicion_score"": 0.3, ""reason"": ""Identical copy of image_0003.jpg (content hash match); duplicate submission adds no new evidence of a visit.""}, {""file_name"": ""image_0009.jpg"", ""suspicion_score"": 0.3, ""reason"": ""Identical copy of image_0008.jpg (content hash match); duplicate submission adds no new evidence of a visit.""}, {""file_name"": ""image_0013.jpg"", ""suspicion_score"": 0.3, ""reason"": ""Identical copy of image_0012.jpg (content hash match); duplicate submission adds no new evidence of a visit.""}, {""file_name"": ""image_0014.jpg"", ""suspicion_score"": 0.3, ""reason"": ""Identical copy of image_0012.jpg (content hash match); duplicate submission adds no new evidence of a visit.""}]","[""image_0004.jpg"", ""image_0009.jpg"", ""image_0013.jpg"", ""image_0014.jpg"", ""image_0007.jpg"", ""image_0002.jpg"", ""image_0012.jpg"", ""image_0011.jpg"", ""image_0006.jpg"", ""image_0008.jpg"", ""image_0001.jpg"", ""image_0005.jpg"", ""image_0010.jpg"", ""image_0003.jpg""]",0.651,0
outlet_830ca989,19,0,[],"[""image_0017.jpg"", ""image_0001.jpg"", ""image_0013.jpg"", ""image_0015.jpg"", ""image_0002.jpg"", ""image_0003.jpg"", ""image_0006.jpg"", ""image_0010.jpg"", ""image_0014.jpg"", ""image_0018.jpg"", ""image_0005.jpg"", ""image_0009.jpg"", ""image_0008.jpg"", ""image_0019.jpg"", ""image_0011.jpg"", ""image_0007.jpg"", ""image_0004.jpg"", ""image_0012.jpg"", ""image_0016.jpg""]",0.83,0
outlet_8543b5b4,10,1,"[{""file_name"": ""image_0004_1.jpg"", ""suspicion_score"": 0.7913, ""reason"": ""Median similarity to peers 0.16 vs folder median 0.80 (modified z = -5.1; absolute floor 0.27). Scene reads as 'closed shutter' while 5/9 peers read as 'storefront'. No readable signage text, while peers show '5 | 01 | 01'. No geometric match to nearest peers (max 11 SIFT inliers).""}]","[""image_0004_1.jpg"", ""image_0002_1.jpg"", ""image_0003_1.jpg"", ""image_0001_1.jpg"", ""image_0004.jpg"", ""image_0006.jpg"", ""image_0005.jpg"", ""image_0001.jpg"", ""image_0002.jpg"", ""image_0003.jpg""]",0.798,0
outlet_867ffca6,15,0,[],"[""image_0003.jpg"", ""image_0002.jpg"", ""image_0004.jpg"", ""image_0015.jpg"", ""image_0001.jpg"", ""image_0006.jpg"", ""image_0009.jpg"", ""image_0005.jpg"", ""image_0013.jpg"", ""image_0007.jpg"", ""image_0008.jpg"", ""image_0010.jpg"", ""image_0014.jpg"", ""image_0011.jpg"", ""image_0012.jpg""]",0.82,0
outlet_875df2f2,13,0,[],"[""image_0004.jpg"", ""image_0009.jpg"", ""image_0007.jpg"", ""image_0006.jpg"", ""image_0001.jpg"", ""image_0005.jpg"", ""image_0008.jpg"", ""image_0012.jpg"", ""image_0013.jpg"", ""image_0003.jpg"", ""image_0011.jpg"", ""image_0002.jpg"", ""image_0010.jpg""]",0.718,0
outlet_89fe040d,25,4,"[{""file_name"": ""image_0002.jpg"", ""suspicion_score"": 0.6956, ""reason"": ""Median similarity to peers 0.34 vs folder median 0.80 (modified z = -8.3; absolute floor 0.27). Scene reads as 'poster close-up' while 19/23 peers read as 'storefront'. Signage text 'ডবিল | করন | বিকাশ' shares 1/15 tokens with outlet signage ('স | বিকাশ | খোলা;'). No geometric match to nearest peers (max 6 SIFT inliers).""}, {""file_name"": ""image_0007.jpg"", ""suspicion_score"": 0.4375, ""reason"": ""Median similarity to peers 0.42 vs folder median 0.80 (modified z = -6.8; absolute floor 0.27). Same scene type as peers ('storefront') but not the same place. Signage text '9 | ন্ | 9' shares 0/4 tokens with outlet signage ('স | বিকাশ | খোলা;'). No geometric match to nearest peers (max 14 SIFT inliers).""}, {""file_name"": ""image_0008.jpg"", ""suspicion_score"": 0.4035, ""reason"": ""Median similarity to peers 0.42 vs folder median 0.80 (modified z = -6.8; absolute floor 0.27). Scene reads as 'restaurant' while 19/23 peers read as 'storefront'. Signage text '১৪৯০ | ক্যশ আউটে | সুবিধা ডাবল @০' shares 6/8 tokens with outlet signage ('স | বিকাশ | খোলা;'). No geometric match to nearest peers (max 19 SIFT inliers).""}, {""file_name"": ""image_0006.jpg"", ""suspicion_score"": 0.3, ""reason"": ""Identical copy of image_0005.jpg (content hash match); duplicate submission adds no new evidence of a visit.""}]","[""image_0002.jpg"", ""image_0007.jpg"", ""image_0008.jpg"", ""image_0006.jpg"", ""image_0011.jpg"", ""image_0004.jpg"", ""image_0009.jpg"", ""image_0016.jpg"", ""image_0010.jpg"", ""image_0001.jpg"", ""image_0025.jpg"", ""image_0023.jpg"", ""image_0013.jpg"", ""image_0005.jpg"", ""image_0022.jpg"", ""image_0003.jpg"", ""image_0017.jpg"", ""image_0014.jpg"", ""image_0024.jpg"", ""image_0019.jpg"", ""image_0012.jpg"", ""image_0021.jpg"", ""image_0015.jpg"", ""image_0018.jpg"", ""image_0020.jpg""]",0.799,0
outlet_8c4b499e,9,0,[],"[""image_0007.jpg"", ""image_0005.jpg"", ""image_0004.jpg"", ""image_0003.jpg"", ""image_0009.jpg"", ""image_0008.jpg"", ""image_0001.jpg"", ""image_0002.jpg"", ""image_0006.jpg""]",0.728,0
outlet_8cae84d2,8,0,[],"[""image_0003.jpg"", ""image_0005.jpg"", ""image_0001.jpg"", ""image_0006.jpg"", ""image_0004.jpg"", ""image_0002.jpg"", ""image_0007.jpg"", ""image_0008.jpg""]",0.81,0
outlet_927fbbbb,8,1,"[{""file_name"": ""image_0002_1.jpg"", ""suspicion_score"": 0.8249, ""reason"": ""Median similarity to peers 0.10 vs folder median 0.45 (modified z = -2.1; absolute floor 0.27). Scene reads as 'closed shutter' while 4/7 peers read as 'storefront'. No readable signage text, while peers show 'নিউ | পথ | পথ'. No geometric match to nearest peers (max 4 SIFT inliers).""}]","[""image_0002_1.jpg"", ""image_0006.jpg"", ""image_0001_1.jpg"", ""image_0005.jpg"", ""image_0001.jpg"", ""image_0004.jpg"", ""image_0003.jpg"", ""image_0002.jpg""]",0.448,1
outlet_9486512c,8,0,[],"[""image_0003.jpg"", ""image_0005.jpg"", ""image_0008.jpg"", ""image_0002.jpg"", ""image_0006.jpg"", ""image_0001.jpg"", ""image_0004.jpg"", ""image_0007.jpg""]",0.79,0
outlet_94a1339f,12,0,[],"[""image_0001.jpg"", ""image_0006.jpg"", ""image_0003.jpg"", ""image_0005.jpg"", ""image_0012.jpg"", ""image_0009.jpg"", ""image_0002.jpg"", ""image_0004.jpg"", ""image_0008.jpg"", ""image_0010.jpg"", ""image_0007.jpg"", ""image_0011.jpg""]",0.574,0
outlet_95569b27,11,0,[],"[""image_0004.jpg"", ""image_0011.jpg"", ""image_0001.jpg"", ""image_0002.jpg"", ""image_0006.jpg"", ""image_0010.jpg"", ""image_0007.jpg"", ""image_0008.jpg"", ""image_0009.jpg"", ""image_0005.jpg"", ""image_0003.jpg""]",0.839,0
outlet_956b57b6,7,0,[],"[""image_0003.jpg"", ""image_0005.jpg"", ""image_0001.jpg"", ""image_0007.jpg"", ""image_0004.jpg"", ""image_0002.jpg"", ""image_0006.jpg""]",0.75,0
outlet_9587ffc0,12,0,[],"[""image_0008.jpg"", ""image_0003.jpg"", ""image_0011.jpg"", ""image_0004.jpg"", ""image_0005.jpg"", ""image_0002.jpg"", ""image_0012.jpg"", ""image_0006.jpg"", ""image_0007.jpg"", ""image_0010.jpg"", ""image_0009.jpg"", ""image_0001.jpg""]",0.8,0
outlet_96903c66,18,7,"[{""file_name"": ""image_0018.jpg"", ""suspicion_score"": 0.8751, ""reason"": ""Median similarity to peers 0.14 vs folder median 0.46 (modified z = -6.5; absolute floor 0.27). Same scene type as peers ('closed shutter') but not the same place. No readable signage text, while peers show '01735 | 01920- | -667772'. No geometric match to nearest peers (max 5 SIFT inliers). 3 other images in this folder resemble it (median similarity 0.78) but none of them matches the rest of the folder either: a coherent group that is foreign as a whole.""}, {""file_name"": ""image_0017.jpg"", ""suspicion_score"": 0.6006, ""reason"": ""Median similarity to peers 0.24 vs folder median 0.46 (modified z = -4.4; absolute floor 0.27). Same scene type as peers ('closed shutter') but not the same place. No readable signage text, while peers show '01735 | 01920- | -667772'. No geometric match to nearest peers (max 19 SIFT inliers). 3 other images in this folder resemble it (median similarity 0.80) but none of them matches the rest of the folder either: a coherent group that is foreign as a whole.""}, {""file_name"": ""image_0002.jpg"", ""suspicion_score"": 0.3, ""reason"": ""Identical copy of image_0001.jpg (content hash match); duplicate submission adds no new evidence of a visit.""}, {""file_name"": ""image_0004.jpg"", ""suspicion_score"": 0.3, ""reason"": ""Identical copy of image_0003.jpg (content hash match); duplicate submission adds no new evidence of a visit.""}, {""file_name"": ""image_0006.jpg"", ""suspicion_score"": 0.3, ""reason"": ""Identical copy of image_0005.jpg (content hash match); duplicate submission adds no new evidence of a visit.""}, {""file_name"": ""image_0008.jpg"", ""suspicion_score"": 0.3, ""reason"": ""Identical copy of image_0007.jpg (content hash match); duplicate submission adds no new evidence of a visit.""}, {""file_name"": ""image_0011.jpg"", ""suspicion_score"": 0.3, ""reason"": ""Identical copy of image_0010.jpg (content hash match); duplicate submission adds no new evidence of a visit.""}]","[""image_0018.jpg"", ""image_0017.jpg"", ""image_0002.jpg"", ""image_0004.jpg"", ""image_0006.jpg"", ""image_0008.jpg"", ""image_0011.jpg"", ""image_0005.jpg"", ""image_0014.jpg"", ""image_0003.jpg"", ""image_0009.jpg"", ""image_0016.jpg"", ""image_0001.jpg"", ""image_0012.jpg"", ""image_0013.jpg"", ""image_0015.jpg"", ""image_0010.jpg"", ""image_0007.jpg""]",0.459,0
outlet_9c031b9b,19,4,"[{""file_name"": ""image_0003_1.jpg"", ""suspicion_score"": 0.9091, ""reason"": ""Median similarity to peers 0.13 vs folder median 0.71 (modified z = -13.2; absolute floor 0.27). Same scene type as peers ('closed shutter') but not the same place. Signage text '01852-470162 | 01707-398776 | প্রোঃ' shares 0/12 tokens with outlet signage ('MYMENSINGH | CHAMPIONS | ৫০ জন'). No geometric match to nearest peers (max 7 SIFT inliers).""}, {""file_name"": ""image_0001_1.jpg"", ""suspicion_score"": 0.8901, ""reason"": ""Median similarity to peers 0.11 vs folder median 0.71 (modified z = -13.7; absolute floor 0.27). Scene reads as 'storefront' while 10/18 peers read as 'closed shutter'. Signage text 'মা | বৈশাখী | প্রোঃ' shares 0/15 tokens with outlet signage ('MYMENSINGH | CHAMPIONS | ৫০ জন'). No geometric match to nearest peers (max 9 SIFT inliers). 2 other images in this folder resemble it (median similarity 0.65) but none of them matches the rest of the folder either: a coherent group that is foreign as a whole.""}, {""file_name"": ""image_0002_1.jpg"", ""suspicion_score"": 0.7981, ""reason"": ""Median similarity to peers 0.24 vs folder median 0.71 (modified z = -10.8; absolute floor 0.27). Same scene type as peers ('closed shutter') but not the same place. Signage text 'বা | প্যান্ট, | ফতুয়া' shares 0/8 tokens with outlet signage ('MYMENSINGH | CHAMPIONS | ৫০ জন'). No geometric match to nearest peers (max 8 SIFT inliers).""}, {""file_name"": ""image_0004_1.jpg"", ""suspicion_score"": 0.7718, ""reason"": ""Median similarity to peers 0.28 vs folder median 0.71 (modified z = -9.8; absolute floor 0.27). Scene reads as 'storefront' while 10/18 peers read as 'closed shutter'. No readable signage text, while peers show 'MYMENSINGH | CHAMPIONS | ৫০ জন'. No geometric match to nearest peers (max 7 SIFT inliers).""}]","[""image_0003_1.jpg"", ""image_0001_1.jpg"", ""image_0002_1.jpg"", ""image_0004_1.jpg"", ""image_0012.jpg"", ""image_0004.jpg"", ""image_0006.jpg"", ""image_0013.jpg"", ""image_0011.jpg"", ""image_0002.jpg"", ""image_0014.jpg"", ""image_0003.jpg"", ""image_0015.jpg"", ""image_0008.jpg"", ""image_0009.jpg"", ""image_0007.jpg"", ""image_0010.jpg"", ""image_0001.jpg"", ""image_0005.jpg""]",0.706,0
outlet_9e5d2ebe,9,1,"[{""file_name"": ""image_0007.jpg"", ""suspicion_score"": 0.3, ""reason"": ""Identical copy of image_0006.jpg (content hash match); duplicate submission adds no new evidence of a visit.""}]","[""image_0007.jpg"", ""image_0009.jpg"", ""image_0002.jpg"", ""image_0006.jpg"", ""image_0003.jpg"", ""image_0005.jpg"", ""image_0001.jpg"", ""image_0004.jpg"", ""image_0008.jpg""]",0.803,0
outlet_9f1d1b48,22,2,"[{""file_name"": ""image_0003.jpg"", ""suspicion_score"": 0.5719, ""reason"": ""Median similarity to peers 0.09 vs folder median 0.50 (modified z = -2.1; absolute floor 0.27). Scene reads as 'poster close-up' while 12/20 peers read as 'storefront'. Signage text '১১০১৯৫ | ক্যাশ আউট | কাশ' shares 6/15 tokens with outlet signage ('চাজ | কাশ | হাজার'). No geometric match to nearest peers (max 32 SIFT inliers). 3 other images in this folder resemble it (median similarity 0.73) but none of them matches the rest of the folder either: a coherent group that is foreign as a whole.""}, {""file_name"": ""image_0005.jpg"", ""suspicion_score"": 0.3, ""reason"": ""Identical copy of image_0004.jpg (content hash match); duplicate submission adds no new evidence of a visit.""}]","[""image_0003.jpg"", ""image_0008.jpg"", ""image_0007.jpg"", ""image_0006.jpg"", ""image_0005.jpg"", ""image_0003_1.jpg"", ""image_0002_1.jpg"", ""image_0004_1.jpg"", ""image_0001_1.jpg"", ""image_0001.jpg"", ""image_0017.jpg"", ""image_0011.jpg"", ""image_0014.jpg"", ""image_0004.jpg"", ""image_0018.jpg"", ""image_0016.jpg"", ""image_0009.jpg"", ""image_0010.jpg"", ""image_0002.jpg"", ""image_0012.jpg"", ""image_0013.jpg"", ""image_0015.jpg""]",0.499,0
outlet_aa2e6f06,7,1,"[{""file_name"": ""image_0006.jpg"", ""suspicion_score"": 0.3, ""reason"": ""Identical copy of image_0005.jpg (content hash match); duplicate submission adds no new evidence of a visit.""}]","[""image_0006.jpg"", ""image_0004.jpg"", ""image_0002.jpg"", ""image_0003.jpg"", ""image_0005.jpg"", ""image_0001.jpg"", ""image_0007.jpg""]",0.524,0
outlet_aa55187a,15,4,"[{""file_name"": ""image_0002_1.jpg"", ""suspicion_score"": 0.8083, ""reason"": ""Median similarity to peers 0.22 vs folder median 0.70 (modified z = -5.0; absolute floor 0.27). Scene reads as 'street scene' while 13/14 peers read as 'closed shutter'. No readable signage text, while peers show 'হাজার | AHAD GADGET | AHAD GAD'. No geometric match to nearest peers (max 6 SIFT inliers). 2 other images in this folder resemble it (median similarity 0.82) but none of them matches the rest of the folder either: a coherent group that is foreign as a whole.""}, {""file_name"": ""image_0001_1_1.jpg"", ""suspicion_score"": 0.7443, ""reason"": ""Median similarity to peers 0.17 vs folder median 0.70 (modified z = -5.4; absolute floor 0.27). Same scene type as peers ('closed shutter') but not the same place. No readable signage text, while peers show 'হাজার | AHAD GADGET | AHAD GAD'. No geometric match to nearest peers (max 4 SIFT inliers). 2 other images in this folder resemble it (median similarity 0.82) but none of them matches the rest of the folder either: a coherent group that is foreign as a whole.""}, {""file_name"": ""image_0003_1.jpg"", ""suspicion_score"": 0.6576, ""reason"": ""Median similarity to peers 0.38 vs folder median 0.70 (modified z = -3.3; absolute floor 0.27). Scene reads as 'restaurant' while 13/14 peers read as 'closed shutter'. No readable signage text, while peers show 'হাজার | AHAD GADGET | AHAD GAD'. No geometric match to nearest peers (max 5 SIFT inliers).""}, {""file_name"": ""image_0001_1.jpg"", ""suspicion_score"": 0.6243, ""reason"": ""Median similarity to peers 0.36 vs folder median 0.70 (modified z = -3.5; absolute floor 0.27). Same scene type as peers ('closed shutter') but not the same place. Signage text 'মেলীী ২৪ | পেমেন্ট বিকাশ করুন | সুপীর শপ' shares 1/18 tokens with outlet signage ('হাজার | AHAD GADGET | AHAD GAD'). No geometric match to nearest peers (max 10 SIFT inliers). 2 other images in this folder resemble it (median similarity 0.71) but none of them matches the rest of the folder either: a coherent group that is foreign as a whole.""}]","[""image_0002_1.jpg"", ""image_0001_1_1.jpg"", ""image_0003_1.jpg"", ""image_0001_1.jpg"", ""image_0004.jpg"", ""image_0006.jpg"", ""image_0011.jpg"", ""image_0002.jpg"", ""image_0007.jpg"", ""image_0001.jpg"", ""image_0010.jpg"", ""image_0003.jpg"", ""image_0008.jpg"", ""image_0009.jpg"", ""image_0005.jpg""]",0.704,0
outlet_aa9c72d7,20,2,"[{""file_name"": ""image_0005.jpg"", ""suspicion_score"": 0.9053, ""reason"": ""Median similarity to peers 0.10 vs folder median 0.82 (modified z = -19.7; absolute floor 0.27). Scene reads as 'poster close-up' while 13/19 peers read as 'storefront'. Signage text '৯৫ | ১১৩) | হাজার' shares 2/11 tokens with outlet signage ('১৪৯০ | ইন্টারনেট | ক্যাশ'). No geometric match to nearest peers (max 7 SIFT inliers).""}, {""file_name"": ""image_0006.jpg"", ""suspicion_score"": 0.8229, ""reason"": ""Median similarity to peers 0.17 vs folder median 0.82 (modified z = -17.9; absolute floor 0.27). Scene reads as 'poster close-up' while 13/19 peers read as 'storefront'. Signage text '01959 | 127 | ১০' shares 0/4 tokens with outlet signage ('১৪৯০ | ইন্টারনেট | ক্যাশ'). No geometric match to nearest peers (max 5 SIFT inliers).""}]","[""image_0005.jpg"", ""image_0006.jpg"", ""image_0013.jpg"", ""image_0002.jpg"", ""image_0017.jpg"", ""image_0014.jpg"", ""image_0015.jpg"", ""image_0020.jpg"", ""image_0011.jpg"", ""image_0012.jpg"", ""image_0008.jpg"", ""image_0004.jpg"", ""image_0018.jpg"", ""image_0001.jpg"", ""image_0009.jpg"", ""image_0003.jpg"", ""image_0016.jpg"", ""image_0010.jpg"", ""image_0007.jpg"", ""image_0019.jpg""]",0.816,0
outlet_ab1e8a98,10,0,[],"[""image_0001.jpg"", ""image_0003.jpg"", ""image_0006.jpg"", ""image_0008.jpg"", ""image_0007.jpg"", ""image_0010.jpg"", ""image_0009.jpg"", ""image_0002.jpg"", ""image_0005.jpg"", ""image_0004.jpg""]",0.633,0
outlet_abd3f7bb,9,3,"[{""file_name"": ""image_0001.jpg"", ""suspicion_score"": 0.7755, ""reason"": ""Median similarity to peers 0.16 vs folder median 0.50 (modified z = -4.2; absolute floor 0.27). Scene reads as 'closed shutter' while 3/6 peers read as 'storefront'. Signage text 'আল-আমিন - ১১৭৫৪-১৯২৭' shares 0/4 tokens with outlet signage ('১৪৯০ | 450 | বিক্রয়'). No geometric match to nearest peers (max 0 SIFT inliers).""}, {""file_name"": ""image_0004.jpg"", ""suspicion_score"": 0.3, ""reason"": ""Identical copy of image_0003.jpg (content hash match); duplicate submission adds no new evidence of a visit.""}, {""file_name"": ""image_0008.jpg"", ""suspicion_score"": 0.3, ""reason"": ""Identical copy of image_0007.jpg (content hash match); duplicate submission adds no new evidence of a visit.""}]","[""image_0001.jpg"", ""image_0004.jpg"", ""image_0008.jpg"", ""image_0007.jpg"", ""image_0009.jpg"", ""image_0006.jpg"", ""image_0002.jpg"", ""image_0005.jpg"", ""image_0003.jpg""]",0.5,0
outlet_ac1973a7,12,0,[],"[""image_0012.jpg"", ""image_0001.jpg"", ""image_0011.jpg"", ""image_0006.jpg"", ""image_0007.jpg"", ""image_0003.jpg"", ""image_0008.jpg"", ""image_0004.jpg"", ""image_0005.jpg"", ""image_0009.jpg"", ""image_0010.jpg"", ""image_0002.jpg""]",0.77,0
outlet_ac589c16,6,1,"[{""file_name"": ""image_0002.jpg"", ""suspicion_score"": 0.8088, ""reason"": ""Median similarity to peers 0.24 vs folder median 0.39 (modified z = -10.0; absolute floor 0.27). Same scene type as peers ('closed shutter') but not the same place. No readable signage text, while peers show 'সুপর | মতর | ৪১৯৭৯৮'. No geometric match to nearest peers (max 7 SIFT inliers).""}]","[""image_0002.jpg"", ""image_0006.jpg"", ""image_0001.jpg"", ""image_0003.jpg"", ""image_0005.jpg"", ""image_0004.jpg""]",0.39,1
outlet_ac5f17a2,40,0,[],"[""image_0001.jpg"", ""image_0019.jpg"", ""image_0014.jpg"", ""image_0028.jpg"", ""image_0013.jpg"", ""image_0026.jpg"", ""image_0037.jpg"", ""image_0031.jpg"", ""image_0012.jpg"", ""image_0035.jpg"", ""image_0030.jpg"", ""image_0011.jpg"", ""image_0032.jpg"", ""image_0009.jpg"", ""image_0007.jpg"", ""image_0005.jpg"", ""image_0038.jpg"", ""image_0008.jpg"", ""image_0010.jpg"", ""image_0025.jpg"", ""image_0002.jpg"", ""image_0036.jpg"", ""image_0034.jpg"", ""image_0021.jpg"", ""image_0040.jpg"", ""image_0033.jpg"", ""image_0017.jpg"", ""image_0022.jpg"", ""image_0018.jpg"", ""image_0003.jpg"", ""image_0006.jpg"", ""image_0024.jpg"", ""image_0016.jpg"", ""image_0023.jpg"", ""image_0029.jpg"", ""image_0027.jpg"", ""image_0015.jpg"", ""image_0039.jpg"", ""image_0020.jpg"", ""image_0004.jpg""]",0.808,0
outlet_ac904859,12,3,"[{""file_name"": ""image_0001_1.jpg"", ""suspicion_score"": 0.7153, ""reason"": ""Median similarity to peers 0.31 vs folder median 0.78 (modified z = -6.7; absolute floor 0.27). Same scene type as peers ('storefront') but not the same place. Signage text 'LICL | পেমেন্ট | IlP' shares 0/3 tokens with outlet signage ('নিবাশ | হাজার | ১৪৯৫'). No geometric match to nearest peers (max 8 SIFT inliers). 2 other images in this folder resemble it (median similarity 0.69) but none of them matches the rest of the folder either: a coherent group that is foreign as a whole.""}, {""file_name"": ""image_0002_1.jpg"", ""suspicion_score"": 0.7033, ""reason"": ""Median similarity to peers 0.32 vs folder median 0.78 (modified z = -6.5; absolute floor 0.27). Scene reads as 'shop interior' while 8/11 peers read as 'storefront'. No readable signage text, while peers show 'নিবাশ | হাজার | ১৪৯৫'. No geometric match to nearest peers (max 6 SIFT inliers). 2 other images in this folder resemble it (median similarity 0.70) but none of them matches the rest of the folder either: a coherent group that is foreign as a whole.""}, {""file_name"": ""image_0003_1.jpg"", ""suspicion_score"": 0.6276, ""reason"": ""Median similarity to peers 0.38 vs folder median 0.78 (modified z = -5.6; absolute floor 0.27). Same scene type as peers ('storefront') but not the same place. No readable signage text, while peers show 'নিবাশ | হাজার | ১৪৯৫'. No geometric match to nearest peers (max 10 SIFT inliers). 2 other images in this folder resemble it (median similarity 0.78) but none of them matches the rest of the folder either: a coherent group that is foreign as a whole.""}]","[""image_0001_1.jpg"", ""image_0002_1.jpg"", ""image_0003_1.jpg"", ""image_0004.jpg"", ""image_0008.jpg"", ""image_0006.jpg"", ""image_0007.jpg"", ""image_0001.jpg"", ""image_0005.jpg"", ""image_0002.jpg"", ""image_0009.jpg"", ""image_0003.jpg""]",0.778,0
outlet_acf74822,15,0,[],"[""image_0005.jpg"", ""image_0013.jpg"", ""image_0003.jpg"", ""image_0006.jpg"", ""image_0014.jpg"", ""image_0007.jpg"", ""image_0008.jpg"", ""image_0010.jpg"", ""image_0012.jpg"", ""image_0001.jpg"", ""image_0015.jpg"", ""image_0004.jpg"", ""image_0011.jpg"", ""image_0009.jpg"", ""image_0002.jpg""]",0.599,0
outlet_ad9690eb,17,0,[],"[""image_0014.jpg"", ""image_0001.jpg"", ""image_0010.jpg"", ""image_0007.jpg"", ""image_0012.jpg"", ""image_0011.jpg"", ""image_0005.jpg"", ""image_0017.jpg"", ""image_0009.jpg"", ""image_0013.jpg"", ""image_0016.jpg"", ""image_0002.jpg"", ""image_0006.jpg"", ""image_0015.jpg"", ""image_0004.jpg"", ""image_0003.jpg"", ""image_0008.jpg""]",0.727,0
outlet_aeaf0389,6,1,"[{""file_name"": ""image_0001.jpg"", ""suspicion_score"": 0.7498, ""reason"": ""Median similarity to peers 0.29 vs folder median 0.68 (modified z = -8.6; absolute floor 0.27). Same scene type as peers ('closed shutter') but not the same place. Signage text 'শখা | বগুড়া | -814006|' shares 0/4 tokens with outlet signage ('English | DAT | মোবাইল: ০১৭৩৯-২০২৭০০'). No geometric match to nearest peers (max 6 SIFT inliers).""}]","[""image_0001.jpg"", ""image_0002.jpg"", ""image_0004.jpg"", ""image_0006.jpg"", ""image_0003.jpg"", ""image_0005.jpg""]",0.681,0
outlet_b2d035ee,15,1,"[{""file_name"": ""image_0003.jpg"", ""suspicion_score"": 0.3, ""reason"": ""Identical copy of image_0002.jpg (content hash match); duplicate submission adds no new evidence of a visit.""}]","[""image_0003.jpg"", ""image_0012.jpg"", ""image_0009.jpg"", ""image_0015.jpg"", ""image_0007.jpg"", ""image_0001.jpg"", ""image_0008.jpg"", ""image_0011.jpg"", ""image_0004.jpg"", ""image_0002.jpg"", ""image_0005.jpg"", ""image_0006.jpg"", ""image_0010.jpg"", ""image_0014.jpg"", ""image_0013.jpg""]",0.805,0
outlet_b6409886,10,2,"[{""file_name"": ""image_0002_1.jpg"", ""suspicion_score"": 0.7042, ""reason"": ""Median similarity to peers 0.37 vs folder median 0.83 (modified z = -10.1; absolute floor 0.27). Same scene type as peers ('storefront') but not the same place. Signage text 'গ্যালী | পর্দা | েে' shares 0/4 tokens with outlet signage ('বিকাশ | ( | কন'). No geometric match to nearest peers (max 6 SIFT inliers).""}, {""file_name"": ""image_0001_1.jpg"", ""suspicion_score"": 0.6552, ""reason"": ""Median similarity to peers 0.42 vs folder median 0.83 (modified z = -9.1; absolute floor 0.27). Scene reads as 'closed shutter' while 6/9 peers read as 'storefront'. Signage text 'PARA | OOCTOR | CARIIIIL' shares 0/3 tokens with outlet signage ('বিকাশ | ( | কন'). No geometric match to nearest peers (max 7 SIFT inliers).""}]","[""image_0002_1.jpg"", ""image_0001_1.jpg"", ""image_0005.jpg"", ""image_0001.jpg"", ""image_0002.jpg"", ""image_0006.jpg"", ""image_0008.jpg"", ""image_0007.jpg"", ""image_0004.jpg"", ""image_0003.jpg""]",0.83,0
outlet_ba2e645b,14,0,[],"[""image_0009.jpg"", ""image_0005.jpg"", ""image_0014.jpg"", ""image_0013.jpg"", ""image_0011.jpg"", ""image_0012.jpg"", ""image_0003.jpg"", ""image_0002.jpg"", ""image_0001.jpg"", ""image_0004.jpg"", ""image_0006.jpg"", ""image_0008.jpg"", ""image_0010.jpg"", ""image_0007.jpg""]",0.796,0
outlet_bb8db053,13,2,"[{""file_name"": ""image_0006.jpg"", ""suspicion_score"": 0.6308, ""reason"": ""Median similarity to peers 0.42 vs folder median 0.63 (modified z = -6.0; absolute floor 0.27). Same scene type as peers ('storefront') but not the same place. No readable signage text, while peers show '১টা | িল | সব'. No geometric match to nearest peers (max 8 SIFT inliers).""}, {""file_name"": ""image_0007.jpg"", ""suspicion_score"": 0.6308, ""reason"": ""Identical copy of image_0006.jpg (content hash match); duplicate submission adds no new evidence of a visit. The original copy is itself flagged.""}]","[""image_0006.jpg"", ""image_0007.jpg"", ""image_0003.jpg"", ""image_0013.jpg"", ""image_0005.jpg"", ""image_0009.jpg"", ""image_0008.jpg"", ""image_0002.jpg"", ""image_0011.jpg"", ""image_0010.jpg"", ""image_0012.jpg"", ""image_0004.jpg"", ""image_0001.jpg""]",0.634,0
outlet_c0381d55,8,0,[],"[""image_0006.jpg"", ""image_0002.jpg"", ""image_0001.jpg"", ""image_0007.jpg"", ""image_0004.jpg"", ""image_0003.jpg"", ""image_0008.jpg"", ""image_0005.jpg""]",0.522,0
outlet_c2181b07,18,1,"[{""file_name"": ""image_0003_1.jpg"", ""suspicion_score"": 0.6025, ""reason"": ""Median similarity to peers 0.26 vs folder median 0.73 (modified z = -7.5; absolute floor 0.27). Scene reads as 'closed shutter' while 11/17 peers read as 'storefront'. No readable signage text, while peers show 'রবি | রবি | হাজর'. No geometric match to nearest peers (max 15 SIFT inliers).""}]","[""image_0003_1.jpg"", ""image_0005.jpg"", ""image_0002_1.jpg"", ""image_0004_1.jpg"", ""image_0001_1.jpg"", ""image_0006.jpg"", ""image_0004.jpg"", ""image_0012.jpg"", ""image_0008.jpg"", ""image_0007.jpg"", ""image_0009.jpg"", ""image_0001.jpg"", ""image_0013.jpg"", ""image_0014.jpg"", ""image_0010.jpg"", ""image_0003.jpg"", ""image_0011.jpg"", ""image_0002.jpg""]",0.733,0
outlet_c2fefbb3,8,3,"[{""file_name"": ""image_0001.jpg"", ""suspicion_score"": 0.8227, ""reason"": ""Median similarity to peers 0.19 vs folder median 0.58 (modified z = -6.4; absolute floor 0.27). Scene reads as 'closed shutter' while 3/7 peers read as 'shop interior'. No readable signage text, while peers show 'নগর | 01 | মাহাদী'. No geometric match to nearest peers (max 6 SIFT inliers). 2 other images in this folder resemble it (median similarity 0.77) but none of them matches the rest of the folder either: a coherent group that is foreign as a whole.""}, {""file_name"": ""image_0003.jpg"", ""suspicion_score"": 0.7215, ""reason"": ""Median similarity to peers 0.29 vs folder median 0.58 (modified z = -4.8; absolute floor 0.27). Scene reads as 'closed shutter' while 3/7 peers read as 'shop interior'. Signage text 'পি | ডি | এস,' shares 0/18 tokens with outlet signage ('নগর | 01 | মাহাদী'). No geometric match to nearest peers (max 9 SIFT inliers). 2 other images in this folder resemble it (median similarity 0.79) but none of them matches the rest of the folder either: a coherent group that is foreign as a whole.""}, {""file_name"": ""image_0008.jpg"", ""suspicion_score"": 0.4731, ""reason"": ""Median similarity to peers 0.25 vs folder median 0.58 (modified z = -5.4; absolute floor 0.27). Scene reads as 'closed shutter' while 3/7 peers read as 'shop interior'. Signage text 'শাকিল | 016 | স্টোর' shares 3/5 tokens with outlet signage ('নগর | 01 | মাহাদী'). No geometric match to nearest peers (max 27 SIFT inliers). 2 other images in this folder resemble it (median similarity 0.82) but none of them matches the rest of the folder either: a coherent group that is foreign as a whole.""}]","[""image_0001.jpg"", ""image_0003.jpg"", ""image_0008.jpg"", ""image_0002.jpg"", ""image_0005.jpg"", ""image_0007.jpg"", ""image_0004.jpg"", ""image_0006.jpg""]",0.576,0
outlet_c3b06be2,9,0,[],"[""image_0009.jpg"", ""image_0001.jpg"", ""image_0003.jpg"", ""image_0006.jpg"", ""image_0007.jpg"", ""image_0002.jpg"", ""image_0004.jpg"", ""image_0008.jpg"", ""image_0005.jpg""]",0.625,0
outlet_c41e54d1,15,1,"[{""file_name"": ""image_0008.jpg"", ""suspicion_score"": 0.3, ""reason"": ""Identical copy of image_0007.jpg (content hash match); duplicate submission adds no new evidence of a visit.""}]","[""image_0008.jpg"", ""image_0002.jpg"", ""image_0001.jpg"", ""image_0014.jpg"", ""image_0003.jpg"", ""image_0010.jpg"", ""image_0015.jpg"", ""image_0012.jpg"", ""image_0011.jpg"", ""image_0005.jpg"", ""image_0013.jpg"", ""image_0009.jpg"", ""image_0006.jpg"", ""image_0007.jpg"", ""image_0004.jpg""]",0.817,0
outlet_c45b06f5,13,1,"[{""file_name"": ""image_0007.jpg"", ""suspicion_score"": 0.7996, ""reason"": ""Median similarity to peers 0.23 vs folder median 0.61 (modified z = -3.7; absolute floor 0.27). Scene reads as 'closed shutter' while 8/12 peers read as 'storefront'. Signage text '@ | & | ঘর' shares 0/22 tokens with outlet signage ('এণ্ড | [ | ৪>'). No geometric match to nearest peers (max 8 SIFT inliers).""}]","[""image_0007.jpg"", ""image_0002.jpg"", ""image_0003.jpg"", ""image_0001.jpg"", ""image_0013.jpg"", ""image_0005.jpg"", ""image_0010.jpg"", ""image_0011.jpg"", ""image_0008.jpg"", ""image_0004.jpg"", ""image_0009.jpg"", ""image_0006.jpg"", ""image_0012.jpg""]",0.606,0
outlet_c816ff76,13,1,"[{""file_name"": ""image_0001_1.jpg"", ""suspicion_score"": 0.805, ""reason"": ""Median similarity to peers 0.25 vs folder median 0.67 (modified z = -7.2; absolute floor 0.27). Scene reads as 'shop interior' while 7/12 peers read as 'storefront'. No readable signage text, while peers show 'তৈরি | গেইট | 62'. No geometric match to nearest peers (max 7 SIFT inliers).""}]","[""image_0001_1.jpg"", ""image_0002.jpg"", ""image_0011.jpg"", ""image_0009.jpg"", ""image_0006.jpg"", ""image_0012.jpg"", ""image_0007.jpg"", ""image_0008.jpg"", ""image_0005.jpg"", ""image_0010.jpg"", ""image_0003.jpg"", ""image_0004.jpg"", ""image_0001.jpg""]",0.665,0
outlet_c9465127,11,2,"[{""file_name"": ""image_0009.jpg"", ""suspicion_score"": 0.5712, ""reason"": ""Median similarity to peers 0.18 vs folder median 0.74 (modified z = -12.6; absolute floor 0.27). Scene reads as 'closed shutter' while 6/9 peers read as 'shop interior'. No readable signage text, while peers show 'স | ফুড় | ফাস্ট ফুড়'. No geometric match to nearest peers (max 25 SIFT inliers).""}, {""file_name"": ""image_0007.jpg"", ""suspicion_score"": 0.3, ""reason"": ""Identical copy of image_0006.jpg (content hash match); duplicate submission adds no new evidence of a visit.""}]","[""image_0009.jpg"", ""image_0007.jpg"", ""image_0002.jpg"", ""image_0004.jpg"", ""image_0003.jpg"", ""image_0005.jpg"", ""image_0010.jpg"", ""image_0001.jpg"", ""image_0008.jpg"", ""image_0011.jpg"", ""image_0006.jpg""]",0.738,0
outlet_ccbf4451,9,0,[],"[""image_0001.jpg"", ""image_0007.jpg"", ""image_0003.jpg"", ""image_0005.jpg"", ""image_0004.jpg"", ""image_0002.jpg"", ""image_0008.jpg"", ""image_0006.jpg"", ""image_0009.jpg""]",0.595,0
outlet_cf8dc0e2,11,2,"[{""file_name"": ""image_0002_1.jpg"", ""suspicion_score"": 0.7126, ""reason"": ""Median similarity to peers 0.16 vs folder median 0.63 (modified z = -4.9; absolute floor 0.27). Same scene type as peers ('closed shutter') but not the same place. No readable signage text, while peers show 'জ | জ | জ'. No geometric match to nearest peers (max 17 SIFT inliers).""}, {""file_name"": ""image_0001_1.jpg"", ""suspicion_score"": 0.6982, ""reason"": ""Median similarity to peers 0.36 vs folder median 0.63 (modified z = -2.9; absolute floor 0.27). Scene reads as 'storefront' while 5/10 peers read as 'closed shutter'. No readable signage text, while peers show 'জ | জ | জ'. No geometric match to nearest peers (max 6 SIFT inliers).""}]","[""image_0002_1.jpg"", ""image_0001_1.jpg"", ""image_0008.jpg"", ""image_0002.jpg"", ""image_0004.jpg"", ""image_0003.jpg"", ""image_0009.jpg"", ""image_0005.jpg"", ""image_0006.jpg"", ""image_0007.jpg"", ""image_0001.jpg""]",0.634,0
outlet_d1358ee8,6,0,[],"[""image_0006.jpg"", ""image_0005.jpg"", ""image_0003.jpg"", ""image_0004.jpg"", ""image_0002.jpg"", ""image_0001.jpg""]",0.855,0
outlet_d24e34d8,6,0,[],"[""image_0003.jpg"", ""image_0004.jpg"", ""image_0001.jpg"", ""image_0005.jpg"", ""image_0002.jpg"", ""image_0006.jpg""]",0.606,0
outlet_d301c743,6,0,[],"[""image_0003.jpg"", ""image_0002.jpg"", ""image_0001.jpg"", ""image_0005.jpg"", ""image_0004.jpg"", ""image_0006.jpg""]",0.563,0
outlet_d371a9c7,6,1,"[{""file_name"": ""image_0002.jpg"", ""suspicion_score"": 0.3506, ""reason"": ""Median similarity to peers 0.44 vs folder median 0.62 (modified z = -8.5; absolute floor 0.27). Scene reads as 'closed shutter' while 3/5 peers read as 'shop interior'. Signage text 'বিকাশ | পযন্ত | ১৪১৫' shares 7/15 tokens with outlet signage ('১ | ১৪৯৫ | ১৪৯০'). No geometric match to nearest peers (max 20 SIFT inliers).""}]","[""image_0002.jpg"", ""image_0003.jpg"", ""image_0004.jpg"", ""image_0005.jpg"", ""image_0006.jpg"", ""image_0001.jpg""]",0.619,0
outlet_d41a1422,8,0,[],"[""image_0002_1.jpg"", ""image_0001_1.jpg"", ""image_0006.jpg"", ""image_0003.jpg"", ""image_0005.jpg"", ""image_0004.jpg"", ""image_0002.jpg"", ""image_0001.jpg""]",0.501,0
outlet_d5d1af09,7,0,[],"[""image_0003.jpg"", ""image_0001.jpg"", ""image_0006.jpg"", ""image_0004.jpg"", ""image_0007.jpg"", ""image_0005.jpg"", ""image_0002.jpg""]",0.734,0
outlet_d8c2f00a,12,0,[],"[""image_0005.jpg"", ""image_0006.jpg"", ""image_0007.jpg"", ""image_0008.jpg"", ""image_0012.jpg"", ""image_0004.jpg"", ""image_0010.jpg"", ""image_0009.jpg"", ""image_0011.jpg"", ""image_0003.jpg"", ""image_0001.jpg"", ""image_0002.jpg""]",0.349,1
outlet_d993a28a,27,1,"[{""file_name"": ""image_0006.jpg"", ""suspicion_score"": 0.3, ""reason"": ""Identical copy of image_0005.jpg (content hash match); duplicate submission adds no new evidence of a visit.""}]","[""image_0006.jpg"", ""image_0013.jpg"", ""image_0009.jpg"", ""image_0017.jpg"", ""image_0012.jpg"", ""image_0010.jpg"", ""image_0011.jpg"", ""image_0018.jpg"", ""image_0022.jpg"", ""image_0003.jpg"", ""image_0008.jpg"", ""image_0015.jpg"", ""image_0027.jpg"", ""image_0024.jpg"", ""image_0019.jpg"", ""image_0001.jpg"", ""image_0021.jpg"", ""image_0002.jpg"", ""image_0016.jpg"", ""image_0005.jpg"", ""image_0014.jpg"", ""image_0023.jpg"", ""image_0026.jpg"", ""image_0004.jpg"", ""image_0007.jpg"", ""image_0025.jpg"", ""image_0020.jpg""]",0.625,0
outlet_db0cff8a,16,0,[],"[""image_0009.jpg"", ""image_0010.jpg"", ""image_0015.jpg"", ""image_0014.jpg"", ""image_0001.jpg"", ""image_0012.jpg"", ""image_0013.jpg"", ""image_0003.jpg"", ""image_0006.jpg"", ""image_0011.jpg"", ""image_0004.jpg"", ""image_0005.jpg"", ""image_0008.jpg"", ""image_0016.jpg"", ""image_0007.jpg"", ""image_0002.jpg""]",0.682,0
outlet_de743a96,11,0,[],"[""image_0004.jpg"", ""image_0003.jpg"", ""image_0007.jpg"", ""image_0001.jpg"", ""image_0008.jpg"", ""image_0009.jpg"", ""image_0002.jpg"", ""image_0011.jpg"", ""image_0005.jpg"", ""image_0010.jpg"", ""image_0006.jpg""]",0.534,0
outlet_def72cf4,15,2,"[{""file_name"": ""image_0001.jpg"", ""suspicion_score"": 0.7458, ""reason"": ""Median similarity to peers 0.23 vs folder median 0.74 (modified z = -5.8; absolute floor 0.27). Scene reads as 'closed shutter' while 8/14 peers read as 'storefront'. No readable signage text, while peers show '১২১৬ | মেইন | ১০০৬'. No geometric match to nearest peers (max 10 SIFT inliers).""}, {""file_name"": ""image_0001_1.jpg"", ""suspicion_score"": 0.4528, ""reason"": ""Median similarity to peers 0.51 vs folder median 0.74 (modified z = -2.6; absolute floor 0.27). Same scene type as peers ('storefront') but not the same place. Signage text 'ACCREDITED | NETWORKED | BARCODED' shares 0/6 tokens with outlet signage ('১২১৬ | মেইন | ১০০৬'). No geometric match to nearest peers (max 8 SIFT inliers).""}]","[""image_0001.jpg"", ""image_0001_1.jpg"", ""image_0010.jpg"", ""image_0012.jpg"", ""image_0009.jpg"", ""image_0014.jpg"", ""image_0011.jpg"", ""image_0007.jpg"", ""image_0005.jpg"", ""image_0004.jpg"", ""image_0003.jpg"", ""image_0013.jpg"", ""image_0002.jpg"", ""image_0006.jpg"", ""image_0008.jpg""]",0.744,0
outlet_e1278646,13,1,"[{""file_name"": ""image_0001_1.jpg"", ""suspicion_score"": 0.6796, ""reason"": ""Median similarity to peers 0.18 vs folder median 0.58 (modified z = -2.6; absolute floor 0.27). Scene reads as 'closed shutter' while 9/12 peers read as 'storefront'. No readable signage text, while peers show 'কশ | ১৪৯ | ১'. No geometric match to nearest peers (max 16 SIFT inliers).""}]","[""image_0001_1.jpg"", ""image_0002_1.jpg"", ""image_0003_1.jpg"", ""image_0003.jpg"", ""image_0001.jpg"", ""image_0009.jpg"", ""image_0002.jpg"", ""image_0010.jpg"", ""image_0005.jpg"", ""image_0007.jpg"", ""image_0004.jpg"", ""image_0006.jpg"", ""image_0008.jpg""]",0.576,0
outlet_e181d85d,18,0,[],"[""image_0002_1.jpg"", ""image_0001_1.jpg"", ""image_0003_1.jpg"", ""image_0013.jpg"", ""image_0012.jpg"", ""image_0003.jpg"", ""image_0011.jpg"", ""image_0015.jpg"", ""image_0004.jpg"", ""image_0002.jpg"", ""image_0007.jpg"", ""image_0006.jpg"", ""image_0010.jpg"", ""image_0008.jpg"", ""image_0014.jpg"", ""image_0001.jpg"", ""image_0009.jpg"", ""image_0005.jpg""]",0.605,0
outlet_e3490c34,13,0,[],"[""image_0008.jpg"", ""image_0010.jpg"", ""image_0004.jpg"", ""image_0003.jpg"", ""image_0011.jpg"", ""image_0009.jpg"", ""image_0013.jpg"", ""image_0007.jpg"", ""image_0006.jpg"", ""image_0005.jpg"", ""image_0002.jpg"", ""image_0012.jpg"", ""image_0001.jpg""]",0.715,0
outlet_e72326eb,17,0,[],"[""image_0012.jpg"", ""image_0013.jpg"", ""image_0007.jpg"", ""image_0004.jpg"", ""image_0009.jpg"", ""image_0011.jpg"", ""image_0005.jpg"", ""image_0016.jpg"", ""image_0001.jpg"", ""image_0008.jpg"", ""image_0014.jpg"", ""image_0017.jpg"", ""image_0010.jpg"", ""image_0002.jpg"", ""image_0003.jpg"", ""image_0006.jpg"", ""image_0015.jpg""]",0.738,0
outlet_e9f9a70d,16,1,"[{""file_name"": ""image_0002.jpg"", ""suspicion_score"": 0.744, ""reason"": ""Median similarity to peers 0.15 vs folder median 0.74 (modified z = -8.2; absolute floor 0.27). Scene reads as 'poster close-up' while 15/15 peers read as 'storefront'. Signage text '৯৫ | 01737 500 033 | ২টি' shares 4/16 tokens with outlet signage ('3939 | ফোন: ০১৭৫৫-২০০২৫৫ | চাজ'). No geometric match to nearest peers (max 18 SIFT inliers).""}]","[""image_0002.jpg"", ""image_0013.jpg"", ""image_0014.jpg"", ""image_0016.jpg"", ""image_0004.jpg"", ""image_0009.jpg"", ""image_0005.jpg"", ""image_0003.jpg"", ""image_0006.jpg"", ""image_0001.jpg"", ""image_0012.jpg"", ""image_0010.jpg"", ""image_0008.jpg"", ""image_0011.jpg"", ""image_0015.jpg"", ""image_0007.jpg""]",0.736,0
outlet_ec938d8d,10,0,[],"[""image_0010.jpg"", ""image_0003.jpg"", ""image_0005.jpg"", ""image_0001.jpg"", ""image_0002.jpg"", ""image_0004.jpg"", ""image_0007.jpg"", ""image_0008.jpg"", ""image_0006.jpg"", ""image_0009.jpg""]",0.212,1
outlet_ed090717,9,0,[],"[""image_0006.jpg"", ""image_0003.jpg"", ""image_0002.jpg"", ""image_0004.jpg"", ""image_0001.jpg"", ""image_0008.jpg"", ""image_0007.jpg"", ""image_0009.jpg"", ""image_0005.jpg""]",0.425,1
outlet_eef1223c,16,2,"[{""file_name"": ""image_0013.jpg"", ""suspicion_score"": 0.3, ""reason"": ""Identical copy of image_0012.jpg (content hash match); duplicate submission adds no new evidence of a visit.""}, {""file_name"": ""image_0015.jpg"", ""suspicion_score"": 0.3, ""reason"": ""Identical copy of image_0014.jpg (content hash match); duplicate submission adds no new evidence of a visit.""}]","[""image_0013.jpg"", ""image_0015.jpg"", ""image_0012.jpg"", ""image_0005.jpg"", ""image_0008.jpg"", ""image_0014.jpg"", ""image_0003.jpg"", ""image_0016.jpg"", ""image_0007.jpg"", ""image_0010.jpg"", ""image_0004.jpg"", ""image_0001.jpg"", ""image_0011.jpg"", ""image_0006.jpg"", ""image_0002.jpg"", ""image_0009.jpg""]",0.788,0
outlet_ef7a091c,6,1,"[{""file_name"": ""image_0004.jpg"", ""suspicion_score"": 0.4922, ""reason"": ""Median similarity to peers 0.50 vs folder median 0.79 (modified z = -14.6; absolute floor 0.27). Scene reads as 'shop interior' while 5/5 peers read as 'closed shutter'. No readable signage text, while peers show 'SUNGAS | এ্টারপ্রাইজ | বাজার; কিশোরগঞ্জ| মোবাইল'. No geometric match to nearest peers (max 7 SIFT inliers).""}]","[""image_0004.jpg"", ""image_0003.jpg"", ""image_0006.jpg"", ""image_0002.jpg"", ""image_0001.jpg"", ""image_0005.jpg""]",0.786,0
outlet_f02e170e,6,0,[],"[""image_0001.jpg"", ""image_0002.jpg"", ""image_0005.jpg"", ""image_0003.jpg"", ""image_0006.jpg"", ""image_0004.jpg""]",0.822,0
outlet_f55150ab,10,1,"[{""file_name"": ""image_0010.jpg"", ""suspicion_score"": 0.3, ""reason"": ""Identical copy of image_0009.jpg (content hash match); duplicate submission adds no new evidence of a visit.""}]","[""image_0010.jpg"", ""image_0002.jpg"", ""image_0009.jpg"", ""image_0004.jpg"", ""image_0003.jpg"", ""image_0007.jpg"", ""image_0005.jpg"", ""image_0006.jpg"", ""image_0008.jpg"", ""image_0001.jpg""]",0.724,0
outlet_f5ebfe3f,9,0,[],"[""image_0001.jpg"", ""image_0003.jpg"", ""image_0009.jpg"", ""image_0002.jpg"", ""image_0005.jpg"", ""image_0006.jpg"", ""image_0007.jpg"", ""image_0008.jpg"", ""image_0004.jpg""]",0.647,0
outlet_f8b4c480,13,0,[],"[""image_0009.jpg"", ""image_0013.jpg"", ""image_0008.jpg"", ""image_0010.jpg"", ""image_0011.jpg"", ""image_0004.jpg"", ""image_0002.jpg"", ""image_0003.jpg"", ""image_0005.jpg"", ""image_0006.jpg"", ""image_0007.jpg"", ""image_0012.jpg"", ""image_0001.jpg""]",0.788,0
outlet_fe059a3c,17,1,"[{""file_name"": ""image_0005.jpg"", ""suspicion_score"": 0.9402, ""reason"": ""Median similarity to peers 0.03 vs folder median 0.66 (modified z = -15.5; absolute floor 0.27). Scene reads as 'indoor room' while 9/16 peers read as 'storefront'. No readable signage text, while peers show 'ছ | খেব | $'. No geometric match to nearest peers (max 7 SIFT inliers).""}]","[""image_0005.jpg"", ""image_0017.jpg"", ""image_0011.jpg"", ""image_0008.jpg"", ""image_0012.jpg"", ""image_0016.jpg"", ""image_0002.jpg"", ""image_0013.jpg"", ""image_0004.jpg"", ""image_0010.jpg"", ""image_0014.jpg"", ""image_0003.jpg"", ""image_0015.jpg"", ""image_0006.jpg"", ""image_0009.jpg"", ""image_0007.jpg"", ""image_0001.jpg""]",0.659,0
outlet_ff5c6fd3,10,0,[],"[""image_0005.jpg"", ""image_0010.jpg"", ""image_0008.jpg"", ""image_0009.jpg"", ""image_0004.jpg"", ""image_0006.jpg"", ""image_0001.jpg"", ""image_0003.jpg"", ""image_0007.jpg"", ""image_0002.jpg""]",0.529,0
outlet_ffb4b10a,7,0,[],"[""image_0007.jpg"", ""image_0003.jpg"", ""image_0002.jpg"", ""image_0004.jpg"", ""image_0005.jpg"", ""image_0006.jpg"", ""image_0001.jpg""]",0.857,0
